BlockNumber,TxNumber,BlockTime
0,1,0
1,1,20
2,1,9
3,1,18
4,1,15
5,3,10
6,1,32
7,1,22
8,1,20
9,1,13
10,1,30
11,1,11
12,1,11
13,1,10
14,1,11
15,1,15
16,1,42
17,1,30
18,1,8
19,1,8
20,1,1
21,1,17
22,3,10
23,10,21
24,4,17
25,1,7
26,1,16
27,1,17
28,1,21
29,1,6
30,1,17
31,1,18
32,1,28
33,1,17
34,1,12
35,1,9
36,1,17
37,1,6
38,1,23
39,1,14
40,1,7
41,6,33
42,1,13
43,1,13
44,6,14
45,1,23
46,1,10
47,1,18
48,1,1
49,2,26
50,10,9
51,28,16
52,53,18
53,57,15
54,8,8
55,124,28
56,60,9
57,57,16
58,9,1
59,72,28
60,18,15
61,100,17
62,18,8
63,444,27
64,116,17
65,257,5
66,430,21
67,61,12
68,262,16
69,320,16
70,182,15
71,215,15
72,161,15
73,181,20
74,398,17
75,106,4
76,163,21
77,637,21
78,363,20
79,436,31
80,779,11
81,259,17
82,88,5
83,159,14
84,344,22
85,262,6
86,229,29
87,756,18
88,435,14
89,1027,10
90,851,10
91,1338,19
92,1369,22
93,651,9
94,2090,15
95,1412,20
96,1044,13
97,1056,22
98,809,8
99,1021,15
100,47,5
101,3589,25
102,444,4
103,3621,25
104,272,7
105,5103,24
106,3708,19
107,1213,10
108,601,11
109,2383,15
110,174,6
111,3051,24
112,2527,16
113,676,5
114,6051,26
115,4182,18
116,2809,10
117,5076,19
118,1590,17
119,7207,9
120,4801,14
121,5006,19
122,3601,17
123,1983,13
124,2905,13
125,913,12
126,3201,11
127,20754,33
128,3804,12
129,3648,26
130,13947,7
131,8712,10
132,9284,16
133,2973,16
134,12654,18
135,16444,14
136,3942,18
137,16033,15
138,10351,15
139,17457,17
140,2764,13
141,19784,19
142,4929,9
143,15117,26
144,8004,7
145,10942,19
146,16648,25
147,12759,10
148,4073,8
149,7019,20
150,18491,17
151,7442,7
152,10176,22
153,11935,17
154,20929,15
155,1206,7
156,19875,24
157,2823,8
158,24226,26
159,4632,10
160,11920,22
161,10315,11
162,20780,27
163,4372,20
164,11478,9
165,8244,17
166,14549,10
167,8527,18
168,3967,6
169,2169,12
170,23910,25
171,3321,9
172,6507,23
173,1878,14
174,2001,15
175,1,10
176,1,18
177,1,15
178,6,18
179,1,14
180,1,12
181,1,16
182,3,16
183,4,20
184,1,8
185,1,17
186,3,20
187,4,6
188,1,24
189,1,16
190,6,16
191,1,15
192,1,13
193,1,15
194,6,18
195,1,9
196,1,16
197,1,21
198,1,8
199,6,22
200,1,2
201,1,25
202,1,1
203,6,20
204,1,23
205,1,15
206,2,20
207,5,12
208,1,15
209,1,13
210,1,15
211,6,19
212,1,9
213,1,17
214,1,18
215,6,19
216,1,13
217,1,9
218,1,28
219,6,6
220,1,14
221,1,16
222,1,15
223,6,20
224,1,9
225,1,17
226,1,18
227,6,14
228,1,19
229,1,12
230,1,15
231,6,17
232,1,14
233,1,14
234,1,13
235,1,15
236,6,17
237,1,14
238,1,17
239,6,19
240,1,15
241,1,16
242,1,14
243,2,16
244,5,10
245,1,20
246,1,13
247,3,18
248,4,19
249,1,15
250,1,20
251,1,8
252,6,13
253,1,6
254,1,24
255,2,18
256,5,15
257,1,4
258,1,27
259,1,13
260,6,23
261,1,10
262,1,17
263,1,12
264,6,19
265,1,9
266,1,16
267,3,24
268,4,12
269,1,14
270,1,16
271,1,18
272,6,13
273,1,11
274,1,22
275,1,16
276,6,12
277,1,16
278,1,15
279,1,4
280,6,33
281,1,5
282,1,19
283,1,14
284,6,19
285,1,12
286,1,16
287,1,14
288,6,16
289,1,18
290,1,20
291,1,2
292,6,23
293,1,19
294,1,15
295,1,9
296,6,18
297,1,21
298,1,7
299,1,18
300,1,3
301,6,30
302,1,2
303,1,31
304,5,7
305,2,19
306,1,14
307,1,15
308,6,22
309,1,11
310,1,15
311,1,16
312,1,9
313,6,29
314,1,10
315,1,9
316,6,24
317,1,11
318,1,14
319,1,19
320,6,16
321,1,13
322,1,17
323,1,17
324,6,22
325,1,9
326,1,13
327,1,14
328,4,23
329,3,18
330,1,14
331,1,21
332,6,14
333,1,9
334,1,18
335,1,10
336,6,19
337,1,13
338,1,16
339,1,13
340,6,20
341,1,25
342,1,6
343,1,18
344,6,9
345,1,20
346,1,17
347,1,12
348,6,18
349,1,19
350,1,11
351,1,18
352,6,16
353,1,15
354,1,18
355,1,8
356,6,20
357,1,23
358,1,8
359,1,14
360,6,13
361,1,18
362,1,23
363,1,11
364,6,19
365,1,4
366,1,19
367,1,15
368,6,17
369,1,15
370,1,13
371,1,16
372,4,18
373,3,22
374,1,10
375,1,9
376,1,15
377,6,16
378,1,21
379,1,15
380,6,18
381,1,13
382,1,18
383,1,13
384,1,11
385,6,19
386,1,13
387,1,18
388,1,11
389,6,18
390,1,16
391,1,12
392,1,18
393,6,12
394,1,17
395,1,18
396,4,17
397,3,12
398,1,14
399,1,18
400,1,19
