height,"Top 10 unusual terms in block-hash",Count
0,00000007aece50be0fcc3863269b1aea4d5e337f42b5547be3e20739ed3d9ed5,42
1,00000025f3c9a571762e24741b2a375569892aaa6c64aac78407c894d0760fa4,42
2,00000014c88e23408fcbbff9b42f29157a38ffa5b24b15268818b81ed3af1d69,42
3,00000007942dbecd6567d2d20a8505eb07c7a3ef2ef60d772d98ea40720453f8,42
4,0000009f407caeccb03a04eea9df887ab59e584d971ef11ed0f321f7e42cb2c6,42
5,00000042b4ec03f17d4be55b79525603e88d17d12be8fcbf31c8ae79f1bc011e,42
6,000000041af1173bbf2f72b06d43ab97855a34ec4222030e833a432b56cb714c,42
7,0000000849edf60f1f6cb8c5a4091bb6030975746ee0419000eb07d6a0c63b02,42
8,000000b8df016fe489ff338e8002957995b9787eded6901f661d862371a3a924,42
9,000000d17143a82fdc1c809ecb9ce6ffe58b0bb1d59572410b0d66807e05d841,42
10,00000075700f04ea64032658822e8a0920c801d2f72204e1e35e043fe352622b,42
11,000000444c6905e2f444cd88d024ba74f3d85e739f926a76b33fd9e38c8f1379,42
12,0000002337b29f8893d595fdb2249482380de8b22196a87d15214336ca278471,42
13,00000056be2183fbd1a9ca7ad9efa6c6c7996095f496246c5b807211e2c2b810,42
14,000000bc1d97fb7f71ab5f5c2d70eb9bd59138cc57f7a1cc8ec8e1169fed2c48,42
15,00000041c9c10c35e119d5e6cc3df25f342d7f2dd54f2a2bbcec2d019229a86d,42
16,0000008b1c1335493c2593969bb32fa45266c6a304dd04cdae93fa834af5ef57,42
17,000000afec23627ac984b17bcf13434f8a20657c23c178ed0b0af68bf2c2f425,42
18,000000dfee476f50102c630c52f880cedc2c57d757428e1aa180d651723998ef,42
19,0000006f635a3b62903111da037b3601f7638bbb94532e94fe757b2d224131d4,42
20,000000e218052ca5e4c2d849ebdb665ad1786be1b4d632830ec522f131cf357b,42
21,0000009eb7db884e3805801a8ae7acd6d3f93308b212ebd01d453457e0dbd3fd,42
22,000000482a5b71fbcbd8bfb515d838494c5653a08716c009aa7a9d6a00e6ae65,42
23,000000aebd6b474601cc7ceb1c3ffe34a1ec2506ab0ce167324305648949337d,42
24,000000f5489785cad6b53704f6ce208b37a33efd181134e8cf65cd8860407170,42
25,00000049c3af0ba5d70e61b10fffea5b1289cc38cae468394c555a557c1dbf81,42
26,000000c2e5965c75c332d2ac4a923098a9e3d52645ed0d3a35206717a176ac21,42
27,0000001535923994c8d475597beb6176c0fe2c933f2a4a86ce6abc76fbb055fc,42
28,000000ebd4a8258df33eb2633ee96d143034c88817050bcae397c15df653bb64,42
29,000000eb7550ed9684eba70cf6ef8a91c89d80cb1cdb3e60048607c8cae7bea5,42
30,000000ce60953a4a1f1246aa7ba7c4963685a42ead585ccf976d131d269b5ec8,42
31,000000bd55fecab5040d6cc9177faea6e866f5ae5c489a8052a1a7f6744edd78,42
32,0000005a7959163f04dd3487fd58e4e53118f6b9f665396c0c40a180af793b7e,42
33,000000506e937439efb65328038d084012218274ac0101ef35138f21601557c9,42
34,0000001b334b9b3b1f07b64ce9b9359ae3633927d090c67ab39765a10621febc,42
35,000000313e9e8b717eb7588e6cc1231b1ec61ffb173e7bf587e6f10c6a8db953,42
36,000000c75ad54d793cd35c155deb6ea0214a7af18984df37291db8a3cc7cefd3,42
37,0000005722aab1dd322d87f12220711a7e1947778d12fcf92a0a56c00401cd98,42
38,000000bcaffecf772c0760e4fea9ecef8954a7fa04c6bdee477384f1cd9222c8,42
39,0000003b18ec0e74d0e74ff82f76dfdfad8291058cac8105c1717e1b3eecee4c,42
40,000000b2b4809bf9d30af1f0b22a24179ea7989f3f680489378e3b290ebdca78,42
41,0000000c19b2b2b3cd1fe0d6a9c05f677c0dc5afc7a39168cadec233a9cac5c5,42
42,0000001bd8318614eaffb015d720d2b1d8765770ba065f6e05351e491aeaf494,42
43,000000578e86071d225f1f19cf44f32e9807d171b8b3fe0e5b9096bf9f2ce574,42
44,0000009642bdd91cb6c8fe64a59381eb88f3ff607a0fa315adabc9db3f7c7d0b,42
45,00000012c724ab298da28fb0d5536dd51bbee34f38cd223dc0f64c111253fd0a,42
46,00000008c8faac5c89b412e4af54df595555390aa59d846819d89fefe616a0af,42
47,000000bb332354c3142999816d964c14d29dd2efe014ce38a5534e7395ccf306,42
48,0000006d624a4d87893e917ec9c52930d9f47ea51f69eb6abf32bb04849880c1,42
49,0000009e665b921b256857581b3b9588d80a08ccb925e6f6d91c81224efa766d,42
50,0000005bcac032ea8309e7cad0097d516bf5ddbfd004c9722e25e1aab80f5b08,42
51,0000006b6eb6f2d69f0e991177eeb24b720d03204b93403dacaf35dfccc08127,42
52,000000318f2c9e82d3c28defa2233f75b9740a5491f99a38381051e3a3527a8d,42
53,000000fd6f0cf8650397974184123314bd7eea1588c89aea1da86f7520e5848d,42
54,000000e178d48defaf78ee0eaa7081f2b660c3a38047f99add25b108bc3a9cd0,42
55,0000006f2e2f2a2529a2a916802ff22dd17f66eb942cdfd5d9ef5664e72b7603,42
56,0000009bcbc38093a29cf7b6e148ff1faf3dc946be90aedab512de5c9677deda,42
57,00000089c0ae4e260df70902094d69a92386130bf9a22bf72303b89bb26562f8,42
58,000000351b7f19db881c137c04580956c12bce8fdcf5fcdfc592ff727ec8fc7b,42
59,00000083502f245b5854f6dd091aad71d7a1288fb9f470b4c95e5b9534b43a5b,42
60,0000007c0e4d1b7d68db099667feb724ec3e348afc97af7d67c88e59c80ba1d6,42
61,000000b88b55dc083aa794d95d721107728ea2b4332cb85b88b7ea0e0596709e,42
62,0000003bed67484170862fd5ed039cfd8aa137b713eebb9f04bf7eab6c9033e1,42
63,000000e83bf02e7f5c556fc6a824b389a64bd44c19ee9f67b32102f00ac2ba51,42
64,000000573ab30b7e56ec239816527778f434b14012748ad7b1a2fa161e33bc25,44
65,00000070d3a6e1d4813b5e22c2ca72b2a60a094194ab4fd36b26aef84b93c844,52
66,0000002865b66b7fa7b33a26550858fe5b02ddcd7c9f852e80f627e354719432,44
66,00000088b19de8fe74312b2173bc7757b10c9a71d48e1938c61fb51227e075a5,6
67,000000e9b1a63313f9b4fe2b887ed2f08a08e0bf96178ba4c73f0f1d2b9075a5,42
68,0000000887714bfe630098222028dc197c76eb28e6215731387993a97539e74c,72
69,000000b1740fde02eca762af9a65a704ea7fc56f45b09ef40e854644427d3985,44
69,00000026db037166371ef86720328660cd07cbafb1533c323488b8fd280c3c0b,26
70,000000b97d166b6efe7bedb301f93510702d9fee63ba99bb199a5250b13aca78,42
71,000000714dc52e9fd42dc63bf8fd840980715be4cf0f281819ac5243753b887a,42
72,000000a90d5df56a240692ec98bcd002fe5712a1c68a9fff03e08e8a097ae6c2,42
73,000000039c1e2e4902eeef32f03b93eae7811ef0b4c6c56980d30a36821e9afe,50
74,000000850bb8e3eee2250175564088d182337eced6cf7536d6a9fce4608d204e,48
74,000000a32cb33677e6e1db55b672d6ad52a34a52be6141671b6e0197be95bd5f,4
75,000000b25e069680422e797536236a314a77b9ea47e75ed5718e0558c979be97,42
76,000000576e3cd15ec0d9dda11e2bbda6600faf034131de36af22d155b26c4a3f,42
77,00000005022cae3fed86b346f73714e93a9123106d1c23e260101087ce4bc7f9,42
78,000000bb45d8c7fe0e5565357f23bd665c070a969e777e2baec7bf47f1c96209,42
79,0000004dc4bb89291e2fc895173c94c1709f3a696b0414509f4e3f56c2114cd9,42
80,000000cf1edddb34858ad925f737db3ca6aefaa58a82f4cdf077baffc04525a4,42
81,000000b7968e217c58baf2ae76d28855b384d0ebd5eff2b8a6a61427d1b48754,78
82,000000c581f0c8ed2d84827ea886ab400872c2aaba757c8e4985fc72d25d273f,62
82,000000ad3ffad4eb415836f0f02b1748876acd2df1b816598f5d902e81e5aa7b,36
83,0000006256fe7ce43095585e086eeb66c1440a410d0168fc881204bd59cb92bc,46
83,000000b6cc5ced2813cec4e1b29788e4dcf5f1e4ffe17aa12d55d86a81746dd3,16
84,000000d1ee98aac82287e0f05443e31a67e632d84be8591353bad378de5146dd,42
85,0000007a89d20c671a6cc09a0d6e1acc1f2d5b54bb9abb472186d2bd54258d89,48
86,0000009404cdf651219ba2548c160b938ace82955d8fc0534e415c325e54656b,50
86,000000ae5f0a2f9efc837f248f8b87864a13420ec588dc7b3a870b9ce641c253,4
87,000000e26f02c4044bfc8ace06582823f38c27888ab2beeced0a1b15560fd9da,50
87,0000006d8defdbb663c88eadbb05a59b03646b2bc598479c44ad08816c78d984,4
88,000000e7ac64831528b1326b2acab6f3b8b3f43878ec4c94cd84a69f4acf8129,50
88,000000a21679cce645e11158066b4d75c5c1a9fc1754ebfdbd97d5eab03db157,4
89,00000014e09633002d437c29af89c06729deb50afb2400989596e7b8c3ecf4fb,44
89,00000043397c92bef6c149f3f58b0ffcb1d0f7ebf1167097e255ee14926186de,4
90,000000c64f672ff5b6617341d02f703653b633616f5e6760c6a312a9b36e791f,52
91,000000e743173458dd3f84b793a8d78c6eacf3274d62f8ec529897d62c45e3ae,46
91,0000007e3edad31d4dd484b0b8e292028d7adf878dd1a6f90cd8a713eb1065e1,10
92,000000a953dedf7c6f501da2deb55d7e5280f79330811532daecdadfa3f4f1d3,42
92,000000abf9a7bad8e19581d2f259432f4977377b479363c9db2190cf597e5584,4
93,000000f0d3bd7b37cfaa684bf7131faee441defe3496813f0008281b0ed53028,42
94,00000005cecbb1c30fc70d80cb57e8cf2b34f6b9c877e43e878f4da58160f95d,42
95,00000017ef97cf8ebc6b1e00957ef0bdf1fcb7fc9e3bbd5cab47584f916e9d55,42
96,0000000fc1e78b0d98c46eb273e62f4e87897b225d77b594bd48eed043929f2e,50
97,00000094bf30d6d26390aae307348dd7a1b81eccd9818dbd56281f4734499e80,46
97,000000d18746522fa71fbc086f59c7ebe5f499d1dd7cd0fa7f304593e7406a1f,6
98,000000f34f93cd5f7f7de13bbfdf7282b1d655ac45fad0be685d82d3df095576,42
99,000000599ef9e05e5147064f1142ad8f3a56dfba841f2737ba0d3a6f21274175,42
100,00000006140395229ac4b6c9538c978665b6758232e28255b809a33143f21ca7,42
101,0000002ee7c77daf80c067d45e4be91a9221e3089a2ace9955bbeea88824a943,42
102,000000bb96fc9358ca90a99b9bb955d1452b0371abee2dfb96110d5d047930b7,42
103,000000c8081cc4fb0fd9b8b2059b0fc53cd1f0191d34151fa6426a64b4f4bbd1,44
104,0000002fe31c5a536e0559f5cb699f7175dc3fe20d916a09cfa0f222dc0f79df,50
105,0000006624ae7d1dabd42b1847c0888294d354d12f0f0ddeae70f245c9a20ebc,44
105,00000001364a954a12f67dbadf0c170c00c11ba05158ef1e8695ec8eb2aa66da,6
106,000000adcdc9d7b419d6841f4a7a3263a6b12b5eb35f7ead65ed141aa3e8a700,42
107,000000f3d8e42367572eee9f2e8fc64b994a66d2ef1bd1c94d2aa6799950a6fa,42
108,000000f45db6db0064dec8b72032629df1c836b9fa19a7a96f71299b9adc17ae,42
109,0000002a299b35de21f1efb0e5c2d832c43ac65844e671da1d9f4dfd8715e7ce,42
110,000000f5103ec52820f942a5acf4134452f8a557bc69545d54505cc4b3b745f1,42
111,0000000409b573aa285bf92c567bf64ea3349738e1fee9c229f0ec38fd372b35,42
112,000000377ed30a3a1e8b835fcdd42c90cae0174567016b7ef8e9a18a893f1699,42
113,000000439d92232bb6e3ae9944fbe2c25c03f1aa632f25a143f77b3ff0ba9c35,42
114,00000079a748dad28255a57953f8b8b94ae9a556e897e93ff5baff15a495ecd7,42
115,00000088dea5b0d32c4cdfbe665d5c8e4ec5dc936ede0e8de94cf4e0776c4a42,54
116,000000a68a195c68e8abf05e95f51b68cb6de205298b50f594afeba5ae2763dc,44
116,000000e01049589d3c043a18a5e78a48c2b12a4ca22ecbd3b7815df52dfa4844,10
117,000000415fe2aed165e45c9c29a1bef0cb939263ea554785504e05616b99e17e,74
118,0000003c30cb74d49ae06f11661c4de15fabf0bb47cc568966f768c85fb3e128,46
118,000000900c0ce086f0776cb105b9953b591c97250bc18fa194c2bf6da13f0a9f,26
118,0000001f55bf0f5e820a2043ee331a0b3ebfda329bac97aa993b7e6897a29769,4
119,0000008be36a9ff876d4558bf40e979108725e4171b5e90adbadc248dfcfca5b,42
120,0000006515a9c6501ab38f71a3e051117a7ce9a3831f26ad27fc135205ebb549,42
121,0000008a4ed4236a566a054f16d50985238dbc5e2ba633d29242f017d90d7d12,42
122,00000021ef7fe6807da0bb2eadbd6a1b534d91bbf6d4d13131f5cee3cd8f6fb2,42
123,0000008338c15be3e0f19de309ce9ca6b6774b3b8e19f11adfa1c121c2be95af,42
124,000000e0b32fda64bfe4198ab54d6112ef1b223472286d80fcf33adc64fd17ad,92
125,000000a876ac7fc1ef09407b000105ae747b8f76143e661704cb6bdcdfd0ae12,56
125,00000079835067b561809fe3156b8ba62f75cc8794667b706a15d65c3b3c63ae,52
126,00000036c35fe5f900c9f131f87025822a95cfbfd940275facc5e5d290d57b31,50
126,000000cf532e6c5d85c6c0f5c19e841f7a93ee3b87e201703bbaa7e6bd544a84,6
126,000000a5ea82af3111d4952f70342f0d44ccd0af9a3c638e57e42194e1f70ce1,4
127,00000059780da86a33c31660f845eb531605b15f626de497a4b66f53b751bd06,42
128,000000df897c3885d31a7b4be036fa084195a7670403676125922dbdd116ff67,50
129,000000860f43820fd86d72fd0b0367323241978ed074354004d4845e85e95e83,44
129,0000003b73fc4d326d1575fbb8491d2e3b494cacc4615dd5b30684de50a4a9fe,6
130,0000005618fb84ebe3555abcd9d39fc3b6f2ca81893a822daeb3be6f38aff7d9,42
131,0000005c3d385beea94e7aa5bf8f2ce33b051c5aa8461cbf02feb28e213849b7,42
132,0000001360a675209bcd00aa15b1617d5346e94001876f1878849f74fc527c2e,42
133,000000d531a455666703f97e5ee5c43fefe04a132685213ff3cd6f60cba8a2ea,46
134,0000000afc1e11f095ed99d1401a64973c9e9594aefc3706c73c328ef7cff1f8,42
134,000000fd040ce81b9fa17c3e12b67e79c7c4737379c9a4391e62a64fe7847048,4
135,000000244ee755bef55455e75155a262391bf2545c346ed8aa964852fb77e9a8,44
136,00000044a79c364c630726a9cad1fc3dfee9eb4cbc89b41505bafb04c48ebf01,48
137,000000f3a6c936f142449c85dfe7569dee2e5aa0f29a70833628882abed2881e,44
137,000000daa451d147f1cc587b155f49857b5ff21e739d449a3bfaca969800089d,4
138,000000c9e6a3d4286f9a750c2a47b35e8a1130aa3b205e27ef63ac9e0d8944e6,42
139,0000001cafb0e61d916fa14efbfaf45b9adffb05f9b499dfa4e1d693f81279f3,44
140,000000db096b130a1e0a040be30a6e155a1c4dee3da2e2f3b4028a9e178ea3ee,44
141,000000eeaff94783979f47acc71999b18c6c25727f8a2ffee0703ae8dee52f75,44
142,000000dcb8e21e3042796476888e61730edd71597a4b4a192ecf9752e682a641,44
143,0000004d3d6abd4b884ae5f5325dd68ec343d5a8eefd874b5c7556e1ca475462,82
144,0000002faa5c5118a1dd4a8cbd435386f1b5f20e0885410347627ce01f7bd923,44
144,00000087a0eecfa4165e413023725303ad8d7cb496893c4f6fcebddf961ec95e,36
145,00000015d44192f293eeb89affaeb3fcdc426525a72500507a19b70c121b23c8,42
146,000000192f7a33eb9d683a7230ce534083b09188ee216f365020a89091a592fb,44
147,000000ec4bb471af3d9ae7f0fd31c24be652f863a7effa691a61670cab4fdbb1,52
148,000000b4b5e48ac52aa0e5297f6347951a8d5525b321200ac2d705ba95824a87,46
148,00000061b06c5d1c4fa6066a6979ef97a736a9f5c9d1df537947d8fecc772e36,4
149,00000019cd72e04c7aeae3259ed4ff9fd3350556b473911ec857bf05a7ab035f,56
150,00000083775b4b4ddea4e046a94cbc5e4149bc1935948132ffb3b6b9f57100db,60
150,00000051cf021c5191a7c4b3369143d5a600e7efae23c7042ac09aadf20da1e7,12
151,000000c83e0121fa24080368b7f8fad1325dbc4118790d52cd6706c7200b4ae9,54
151,0000007b6183a3241e079e825d95a727987cc81c57802a84ceec58983d9674f2,6
152,000000737fe0226686b0beaf83964bbba9951937bb7e3e06cbefed2f4639d368,50
153,000000929af194db9d905bb79993636ea32acabe2496bd973f89bb0de7d699fb,48
154,000000a451b47ddb38e6b875f3ca988a293145431ae9f23ff214a52b1dbfa1a1,48
155,000000076094df5af27a958134af927697917c8515fdaf6b4f1ffdf9c24caa5c,54
156,000000c4b9cf9b238c37b9a70091ba03509e9d80eb967fa1e1bb1a7a35b150ee,58
156,0000001189cfa3a8799ea9ddfa4c7dc693d8cf83b06080e7bdbe1e62ff395508,8
157,000000c16788fb5b469fdb4239b589c52e9161fb974d2cf06ed0d653499508ed,60
157,000000c341108a8a0bfefd0e0cb5b288af9e282b092c2553cf4c35cb899372f2,6
157,0000003b24bdffab4ebb5914853b2d51414c3ba9390349bad65f2518829226ca,4
158,000000e8274e53ae4d2cbcfe09d8adee7ec9acdca13e0189c2d0e1562b3b1ca2,50
158,000000d6df5b64794048cf352a2750c3f1aa3d2911b9b89c0d1ceec5d3ee6ad3,6
159,000000499c48d603e122d2555d12a4eb24e704612c36896269ba97bf24c984fd,60
160,000000084c264140b440127b9f6f8203b1dac16793ad1f891be0afad103d68cc,50
160,000000c8c0592feff0ea58dfae7c3019b77fe5b840662f6f45b864b7aa1b0bcf,6
161,000000b4cf9bdcdeba4f63a92930a20fa788c296c1713ad765075e9d9788a969,68
161,00000005f13c4300466ee9f5f4159d856fce3164ffb5abed97fe79bb44b53c6f,4
162,000000fba8e925ab1c87f4e08923b60615e19fc10c3ee0192c95da9c94b9b1a3,64
162,0000003094380773a4ec41890ce3a23c766ac4a26dfa2bd034abc27279c689d2,10
163,000000b679d296808145f4601590976cec32c433268a13bbe5da6e193467156f,48
163,0000007c5b713043aff39c815d3973d6ff0c069dc554fd70c2f8a4911fbe4bdd,6
164,00000033ce81970b3a80dea63c3d2f94ad1f39f12663dc4dcd873d566e0cffdf,76
165,0000004e641ad7d1de0fcf340878f4088bb154b9d0c12b0b66c8a2b6297636ec,82
165,000000d45759330f717cc4588dc2142a2c3f3448e8058841339f89be6b4e755f,16
165,000000663abf2ee48f57311072c1afb7b7a3e6d190781ae2ef518e7018b5833c,16
165,000000d5950f58080445025e1e3fd82b8478df45f250b2cab9fd9e73bc2303a8,4
166,0000005f3cc25db29752ebb59ecd0c2f2f422b8941847caec33f3f7b8ca9504e,58
166,000000098227476232ec328050d965587e5311f828832ce0714d81dcc5415cf2,26
167,000000276cb88313411b8171a14bcc54bd641dbeaa6d8ed0a001919674ff2951,98
167,000000cd513ec6e070858951e58bea125887c98d65d95a6e042f2cf35b7ed07c,4
168,000000c8ef1597ab61be15235616941597dab9b3941c48847085422e16705f13,66
168,000000edd81a5797d4dbf42ecf1173096bb901137a2e3e7b7ddd0fe38e3c2ac7,28
168,00000072c2d8bb69da456719c487b56275f86769eb9395dc96667969dacab0a3,10
169,0000009adfbbf0f7ec87a48189cdc0dd26ddda322961237f34b43a2e8a1339ef,142
169,0000002059518d413a42e787d4fef2560306cadb651f9341f0c481aadd383935,8
170,000000d41ca5fcd9d5a5f17ba638713a3221095f416f63db53645e433ec91b3d,102
170,00000069440380f90dc92d1a3b2b782e851fed0d928bdf806aa80f2dc65f3bcf,102
171,000000f187945c461d731699124b2439a504530a8babf1e57c2d77ab1b923021,70
171,0000001abdcffee661d9ba8f9f7cf7088be34892d76fb6105b55d571070f5003,50
171,000000d154d1af152adbc61c3568232c8bec1bdf3c6349840a9e11248f19226e,26
172,0000007e3f14c454444c6973e7c8c30f2ef0373940006d589b577a22a0d12a49,52
172,000000b4b736399ae0f4dff41820e1de2b62867c64ebb320bfa28aefd95bae08,20
172,0000005e2051c80ab7d74771b354d0291382b904964d338777b48a334143449f,4
173,0000000fbeb0628e384ddb2b3f851315c95658defce946aeed2134cc75b65992,56
174,000000f0580d82a723ed8d5fda974df7ae4d78a9e732530d2a71152465d6e93b,46
175,00000061e3711d7cbb07c38cbc397e652df5445dca1c18f7bbe939313486bfa3,58
176,000000fd841997b09595950924b010a1238c7471559fe7102cbd697a999d88f0,66
177,000000edc6a3d84687b0ee4ac14b85ec147f32717aaf8218490230b3e82a44a9,62
177,000000e70972ababa2f9c1bea290306bafee20c5407652c9ba601d88470e47fb,4
178,00000095daccb7914cae1193d4b4bda29d022e3670c7a1c3ac25cefd92cb59ea,94
179,000000ca20571a69610f57de091248a845ca364c4d71e18921f54d62ab3bde70,66
179,0000009e74d9ad1308dac587b73d71b3c7ffd0b27a9784255540c1d31630dedd,32
180,000000d09e3cc0afb541cd062cef4b7d8de34da5a5dcee156696f38addab5f65,56
180,000000b20b6255623392c7f2f3a40b3827b4fc6edcbd9c3b8766a4f2e68486db,6
181,000000266d709b34d99f0c8f8996d21cc3430a35d61935df23c2e873dcbe78f2,58
181,0000007056d270197dc5907c02a0c28e7cfffa074ca2b2f077d6112d1129b44e,4
182,0000005bf584effa7de355430228b6c15b17e5e4210bf123e1717d7e9cab58b6,56
183,0000009bdde73ca10a7479fe182415907e08a2114f77ccd3812e5f97c1025180,52
184,00000093630ffd6a7ea8082867d7afde549b78c41f5ec46771c35599aefe4d1f,58
185,00000059c14c950f3b7c2bb12110d73de50d494ad85cfee392ed982ef8efae1b,56
185,000000900682936eb404fc4ef679fac100b38309ff312b5015d54f1b41bda79f,8
186,0000000f0ce4d32106db05f592537d17bbf6eb792f34c2baaac4f4fa5da59611,54
186,0000005d7919c408b24f093d6dec30fa0ccb4768dec64f9821b0301cb40a73a9,4
187,0000005e847f34f4a520ab07545c52decd37d34d63fc9ccda581c120bf531bcb,50
187,000000139df4d9fac82249ec8b46f0b81f546fca6f1d51680c7a7368eb36c23e,4
188,000000e49228bef715f9fb30a7a70913a074c9d0b32a06d9825b436b710069ab,50
189,000000212f96b065258a73e07f12a7b5bc7880b6a71024fa8595e8b74515270d,54
190,000000d88410db889b9496703c87340a1f5fe8cfbda948cd568db5f6cab67162,50
191,000000ea497f537ec7fd077bd8c8509faeed4b631cf88b3e9399b033f250859b,72
192,0000005cde269fa3a574183cf4230de1a6569580b15ebb426ab95691acb8b282,54
192,000000f3484089106e10cedcee5ad12bd7c80e3850d422626d07e636a70e6132,26
193,000000bd302b65166f804fa7325ec01cc9aecbabc18c00be44b26b6597b93237,82
193,000000bbdc5edc6c656dd1f29974c293382b41d0ae711b271e7faa303ec276a2,4
194,000000a652a903c1004541d13405531b0fe077ab6a4ac2a1a952ba14ee85a559,60
194,000000c675f1388e8daac072f7e3964f8c950a36efeec137f7cdb703c6a27c60,36
195,000000d3a1033ab61f4b97cd5366f709a6dde87572d520ce919c1308b0f7bf32,60
195,000000e5e78f36b44aaa0e6301294257f711badc4cb59e1fe237c43bcdddcb51,14
196,000000844e3d0cf7d44b07382f018ee9ef0b7d9fb39a6c9d6ff91ee963c57730,48
196,00000011012ea71016a3cc0438bd5cb9d3132aa565bf44e516b24abea0708dcd,12
197,0000000063175fc76f731375e78ceec4e67605a0e3b7c7ddfa170a3f3d84aabe,92
198,00000040198b2c4538bc17fbae46cd40ea425c26a49e2a13df7da6fd3e11c71d,66
198,000000e1ba7050501cfef200da6c93071beb0ddae1ed4ae651932010ef0a749d,56
199,000000f754957c1c499e80c1ff9827ece3a3368d50264ec6abde7f0c364d6a6b,50
199,00000055fd0ac16340997b058aaf6090bec0382cf9ad28c9f888cbe728d5e67a,26
200,000000f9c5a8ec32d92b7de07f8b893be4b9a1986234b4e8065f28f80a1331a7,48
201,000000a8c12f16a4289a5b01907740a26759102c9d389286bd8b6af6a7573e3d,46
202,00000026ed30a19764dd8965f8982e3c14c99ee97683c0788d861b1e033d2ee6,46
203,000000532942def338692829ce68c07dead696721bf22123ff47bed6a082ad22,48
204,00000032a0374b078d296cebcc47166ce730590e5a79c6425272f86032e566f6,46
205,0000006033281be97b158534fce1e7feffcb64e529e2aff504020e1f8c1769c0,46
206,00000055aefdacd35a497d9f83e8ec2fb8a88f4032c4984608d52003c9ca4e1f,50
207,000000790f16b92fbea8e0ec427b23579700ac0225681a11fe4e90206f68b8c0,46
208,0000008c7e154481a78d7bb460dde2f77975899af436aed47c7e0dc94f693a76,48
209,000000c635029af86af3c2d1f172146f52a0028c5c0bdb26c24db5b641bd9ad5,50
210,00000056584e503b481eaf0cf59cfd3123fbbc1a7ec51f5d8c9accd831119414,62
210,00000020de581fdcd88b59b5b6c19647ace71d9604ac9dd5c6f93eea58bb2320,6
211,0000006de241e61135be009a829e81c4b0aef95cff85e24c40844ad93196cbdc,56
211,00000043b415ca7b5c86428a2f7449764ba57a437024d4b5ab94f5c9334d44de,14
211,00000028c66ee3d102092b2188e8c17a49e546882d79f4aac992a74e16c89c0d,4
212,0000000717e664579ca483e8cc2c1e95f4f25413105aa527195d11c8f2cc381a,54
212,0000000ad5ee7e3b842f44e2dc3a04fe191e644ae209628eeaac18c1f61ffdf7,6
213,00000034a1f449bd6c59c3beac8ff4b362a8ca08fd25d647ac79b335046ee639,72
214,000000de66dc599fc8e4d37d8e7cfdb0124be6f1b8ea4b1c7b99a371248c663a,54
214,0000005a46740c5af412feabfa06c085e57b7f4c64a2cabbe19eac74889d2acb,12
214,00000004c9ff977e43701641154b133e3e11b1652e9d287f682dc2c3455a7e22,10
214,000000a54adcdef869dc3e71ed6d5eefabe62be41973e1d1fbd14ba67be9f6e2,6
215,000000da56a67e81acc989fe2caccf123ec6af5a764b6c9c3f017a7dec19b7d3,54
215,0000003b13170b408db5c34c2038aef85879b4c506d39d15f21033490b39dc2c,6
215,0000005efebbf9ba19b8f4c225e4c9eced4eb291bcadf669d35f0a417c5906fe,4
216,000000c1e038514beb6b5a916b93168b2910b0e3ef6a7c9e02306b1fe0c02577,52
216,000000f42a2c339e25f69558e63cdc28dcd0843893fdd7548ac06ff75aeeaac9,4
217,000000b5a9da0fb79eef4d19d4167f69f0f56f9387f97c7e20fd11f05a2ef531,52
218,000000ceb5974d7c35fe05ed42145854b6a134e34ac3d9803b7e21652f9db6e8,56
218,0000004825c7b0d8acd4c817f37015e4965ff613aff1888f695aea8942341072,4
219,0000006f676321c381bc8730ca9585e550c6af36adb680ed4d37f818c5753e5d,56
219,00000013a5339b130cf939f41e6f3cf9fded6b213bfbb2ad095f9c4f3cfaaa96,6
220,00000009e66a7742d3829ca916c71339c292e2e0d9b06cb42140c39c9575643f,48
220,00000054acfa784e42de3b0e7c2eb5ae4553145770c4b42b461e97ed20313a9d,4
221,0000006dab718ca03fa6f0ccda8d42845277c6dfa1f2cb36f265d3ce63838e55,56
222,0000005afd859dac21f81204eca22d7678d0c9a8ab09432b48fb16af6737bf2d,52
222,00000014770739e89b128437611a0c441afd71f55125006167ec20ca45605a79,6
223,0000000c79b963bd0d6bacfc49508a1e82840d048b73ccfc5c6e3f22f336a51d,52
223,0000009fdff6511259aa5c8a889a8fd936e03acea652024d2d4570b48eac8538,4
224,0000008047a354dae093bfd7a765c5ace947d1081228e448353ee7bc9b50128b,48
224,0000006a123b36c4ff9bdc37419fc7d572ef81cf6f27bc2a54c552bb4b3f9f06,4
225,0000007a46cfc046d2e0a86fdfd7e7b9b392a97f37a2341d44febcb41cb523a7,48
226,000000aaed7d94da0335d5a97024d47faa110a4f9caf4e2a5acc680eeb4e32b2,52
227,0000005d99d52f68aec2af6cf8ca75a6c975174356dd5e76e6ddf361f6047587,50
227,0000009072235686f0455a866e116d7a849e30aec445ccadc792b6360e3b89a5,4
228,000000c645829bb12bafbf307e22489f59bee73ade19f5f6faa99a18d08324b8,48
229,00000048649d92ac19e8265d4f2f7ee44941dff2fe5c89baa87a835900403b25,54
230,000000c4fe94c6080ba2656439dbacfaa65e73acf08737c7472a4478baaa706f,50
230,0000004c11176f859466161b63e012a394bbd79b53efdfb0475fcf731f1d04c8,4
231,00000040425e061aa35edc9976cc62d6b994c8287e17281dd7ed8325343d136d,48
232,0000001c75e323ab4a062c4b29283b1f1c86c0560f0050de75c154a5203b63fd,48
233,000000d8e5b1852e43ae508b8611ecec7196086126abe245b3ed164b9b1a3624,48
234,00000032aba8503897a683792a199e3609f62e136822e848a14f94c282e26931,48
235,000000b2d098f06af49e8881e4d2c09ce50f98d585165efeeec63813ac1a51ce,48
236,0000006795602610b3b889614cb732f58b227652ea6dc4fa338dd809b037cd57,48
237,00000064f13b763783e7ebcb66211b9b88610758f8eb254d6c04c1dcf695771f,48
238,000000067bc441bdbb11a89aeea3b7661ce35c9d5b724a2b415282e8077a1d76,48
239,000000006cf5aac2393b08c826b4b4108cc483b5feab1da80e53ae99ea9df946,88
240,000000f286eb0b80fbe7cd490435a8be468c17bbcc7a87cf71ed3d8bc0008c16,50
240,000000b94094ac2094ed084f7862a7a5a365456efde2bd9cb62192e7ea50e1be,38
241,000000448d8c46a1478ad67438a8c4285979c517f6d463d96eb0535eba579067,48
242,000000132b399e608fd5b8f41c978f26db9d1b50d2f31f5fc4ace23135d98fc2,48
243,000000da84f4ad465211bbb5a29af76f242763e1e1c01b576dcabdaa33fa1fa7,48
244,000000c761ff64147228423a2d53394e95d33c603e7cddeb2286bce92f48e121,48
245,00000071d3403f5c3287044ce522c768a8e34a54493b10319dd2e40a70ee382b,48
246,000000f5dba9ca286e484b1fde5bddc5f22c5192a2a81fe626b0b13968aed3f9,48
247,000000853e56f519851911d0779b8188b319521dae9c97045b15f45b75c02cb8,48
248,00000064d8f715a0adb00f1429dc0a7d5039e5af3582693461ea38f9ede3e60e,48
249,000000a82928940609618ce84e0a089106546b9d7d3714e4c7330a199e08133d,48
250,000000f03a336ca88a9d1cd4df05c8f9ab9a3a26b5020e35313f5ba53272ec7c,46
251,000000db16dcbeb5201e0cb59ff4224fb4e43737783925f237d4ba18e2941af1,46
252,0000002ee83ab43a31d356e49708c90c3340a76128e71cde05bfa2862d05132e,46
253,00000003b190bb6432e928d5b1e51ee2082b08aff39d3887581e03a2c97bb8af,46
254,000000e535382aa7fc8f4138f3b99a99b725ca98e1db8738c806dd52f9b22ebc,46
255,0000001c27df9d7fdb2108203b4f634574c77d65cab472ad2242d486fbaef464,46
256,0000001ae6b96f202303a3cd0434968c9e87b55b307bd508a261fcd7d2e6bd92,46
257,0000000442808e2aeb615df00becc1f39c56a79665bd1299226138402558d017,46
258,0000005559b477e4e1b53c6952865c36e6b5e7d2cfdfc046d64dfe4f509cb973,46
259,0000001c0a2db92ed3ccf494d0b9d28198bb91889818dc2f93d541746c368999,46
260,000000b6529deb5c81e9d2e22096a80a363b7f5f227150949c76d0881e3331d4,46
261,00000075ddc8e4779b15b0d623d5cd515f9eba2a0dad4c5a03bb1582400bc50a,46
262,000000e3723c7c9feb4fa833abdd21e5b3d9e64e3e03cca8e5c5e8b0a98a8e81,46
263,000000da88d93f1b897e61f4bcca3d0d087a2a679c62a9675ea65a88f6ab3a29,46
264,00000078f260d418adbdee3a5444956fbd68bc837ef0c250614b46f1119d2b73,46
265,0000009ed6721e18b4188f0351930c71bce63c8aa4efefdc1ca80e9143e1f345,46
266,0000005e435b6d743aadcef8d91d354f19d3a122419168840556d715d522a7cb,46
267,000000f79be4f46659c043df9b906f631fcac6fb9ad61f3fa528a254c3c6b5b9,46
268,000000cc33fe831d0110c4d460089a7e5359dd373c0ebed5c6517f02d0377f58,56
269,00000058833c5a65f7b329093a14bfdc39099677e2c3c0d8610f05cc67a0b5d1,46
269,0000006b1eede334ae833376bf2c6d6932fd62bee38500a995a646c079f57840,10
270,000000c70350cb8873588039c04f5cfef97085e5fbcce64b1ad141c73a12170b,46
271,000000a20d02fe460abc26e901cdebae292663def5e68970a0b8e5f1feab822f,46
272,000000d302182e10be145b2a062ffe69ee9b575fac8f8e64a86e3762baadb248,54
273,000000e7ea9e9d0298f9c7dcb774833cca78bd00f4de8a6ed7449c32459c3c79,48
273,000000a85ce18e528ef256ea6fc09ee9c4caf1b51599e3be4defeb236216e995,6
274,000000ea95cd7de3002f9a7acabb6c36388db1efb82fc7ee00d48f26b46fde17,46
275,0000001126dbaac92d5c118fe5b1349331f965515552f294cc886085132d77b6,46
276,00000063276d4c5dd7ccdbe835bf2cfa3bc907f84bd173ff69d3ebe799620b75,46
277,000000f336fece07778caffd67246fcf0bb8742e50805f0b6e9577a31db7dd9a,46
278,000000f9956c4ab1aadd9365964ec5198dc57e29874a97b66c0405f008516687,46
279,0000005a7e34919d6b0da98375d0dbd03d927af6f28590551d8777481d37a210,54
280,000000e0f31f184e083fe4fd69a801a45bf6d15d1708cac843d61f534f46728d,48
280,00000061dc19e96af9ac07369ba4dfacea7a42395f319b790dee30c3c2648ac4,6
281,0000004e5edf19dc01481162d4c3df37a7f3118d69d938784abdbefd0ac17ca5,46
282,000000de5020c52a494f5794df1d9e7203ae3f13113249a264a81dbb8ac774a7,46
283,00000051b5c004d313a6acc048b30a0680b793af1e1513f3f14006f8d4e6fcda,46
284,0000006c0cf5807798a5432305750a1e3eb17af4e5d1ef6928dae53e44251b75,46
285,000000bba7874fc13cce2271b5ac6b9bb2fb4e1ddd01b83ce8d89c1122b034cd,46
286,0000009308b2fd7c67130d43762482fc8c2b697c82ab1ad9dc020b68d4457576,46
287,0000006129144ce5dbaa6ba2f26590f381d3f3844dd5a68b9064965538c86945,46
288,000000c730be2bfd38c091fb56b1ab2edce1e7154d22ad4c6ad9f73e8cdf8566,72
289,0000007218da95bbb45576fd9476fa3a6163612b7dc432a356544542a62408d9,48
289,000000d70b23038cfa595067cd0e947b08860cdc934429ac0007e22ec4ad6333,22
290,000000b1fb6d710de199bc0600e5f1735424fdbd36e5c256bdcaedb78f776dae,46
291,000000c7e2135ac3725c2a6d3db624e292c26c4a303859540eeb6b4a408a065a,48
292,000000445e9bc94f828345a7311268d82dff93afa2b9d39ed5e321960df49612,46
293,000000f4589d26ede3464ddcee678497f4a3f769fa13725e6808cc6f7c22475a,46
294,000000e11f1c5fab349e892159e1dc9061e1132392272e819afd6283068a4afe,46
295,0000001bf8e3059ae341bed74b890f2137b63bdb2852bbdf14a011df03da56cb,46
296,000000b79ee5db696447f57fa4789790166d33fb2e0d65c345cfc39ed0fa7345,46
297,0000006e47dc92f9a167c33b1d2287d52073e3dd0c86e35ba720b65d7b3ca2f5,46
298,000000f448becd9456a9988fafbc4c5bd59fa749f0b6c2ed37b0b1a86e39a00f,46
299,0000000ef855b5eb76f459a5a5e02a3dc3357de991bb7c3e84f6aa0c52060395,46
300,0000005d124212f83a8b9af2fd31ac22e384826117e14e236f24fd606e94170c,46
