height,"Max tx","Min tx","5th percentile of propagation(ms)","25th percentile of propagation(ms)","50th percentile of propagation(ms)","75th percentile of propagation(ms)","95th percentile of propagation(ms)"
0,1,1,"104122.40000000001",263795,403258,575428,"640839.5999999999"
1,2,2,"72874.80000000002",224614,364584,536639,"603084.6"
2,3,3,"65569.00000000001",211899,351857,524215,"590470.7999999999"
3,4,4,"63472.40000000001",208232,348199,520787,"586861.3999999999"
4,5,5,"55320.40000000001",194663,334475,507205,"573207.6"
5,8,8,"43735.600000000006",174947,314793,487756,"553563.3999999999"
6,9,9,"35867.40000000001",163290,303124,476257,"542142.8"
7,10,10,"33909.00000000001",158557,298425,471924,537677
8,11,11,"26641.400000000005",146866,286676,460625,"526247.6"
9,12,12,"12326.600000000002",123167,263077,437035,"502775.39999999997"
10,13,13,"6676.200000000001",113633,253420,427677,"493435.6"
11,14,14,"1300.4",101909,241742,416625,"481813.8"
12,15,15,1018,80193,220022,394967,"460204.6"
13,16,16,"1348.8",77527,217281,392268,457584
14,17,17,"1528.0000000000002",75836,215591,390677,"455935.99999999994"
15,18,18,"1813.2000000000003",43112,182980,358111,"423375.39999999997"
16,19,19,"4267.6",34596,174406,349865,"414937.79999999993"
17,20,20,"2361.6000000000004",28330,167957,343574,"408668.6"
18,21,21,"2929.4",11681,151455,327273,392146
19,22,22,"1677.8",6073,145747,322317,"386591.79999999993"
20,23,23,1818,2468,140390,316889,"381037.39999999997"
21,24,24,"1699.6",2111,134530,310381,374477
22,25,25,"1765.6",2503,109831,286074,"349954.6"
23,26,26,"1039.8000000000002",1883,106213,282900,346461
24,27,27,"1449.8000000000002",2078,98488,275612,"338935.79999999993"
25,28,28,"1560.8",1924,90764,268156,"331646.79999999993"
26,29,29,"1176.6000000000001",1662,68074,245984,"309234.6"
27,30,30,1202,1816,58374,236651,"300209.19999999995"
28,31,31,1983,2432,38831,217398,"280698.6"
29,32,32,"3674.6000000000004",4283,28140,207493,"270883.19999999995"
30,33,33,"3641.8",4038,18475,198200,"261364.39999999997"
31,34,34,"1716.6000000000001",2233,2976,180626,"243908.59999999998"
32,35,35,"1468.8000000000002",1903,2125,160086,"223703.19999999995"
33,36,36,"3781.8",4517,5879,137862,"201477.99999999994"
34,37,37,"2558.8",3312,5178,129268,"193235.79999999993"
35,38,38,"1798.8000000000002",2864,3721,110702,"175027.79999999996"
36,39,39,1800,2565,3730,103845,"167713.59999999995"
37,40,40,"848.6",1405,2152,86754,"150516.79999999993"
38,41,41,"870.6",1476,1805,35551,"99453.79999999994"
39,42,42,"1643.4",2069,2547,16219,"79783.19999999995"
40,43,43,"909.8000000000001",1581,2001,9617,"73173.59999999995"
41,44,44,1176,1707,2092,2697,"48592.799999999945"
42,45,45,"4466.4",4832,5053,5221,"43995.199999999946"
43,46,46,"5222.6",5673,5992,6291,"39751.39999999995"
44,47,47,1346,1903,2306,2697,"33677.39999999994"
45,48,48,"11978.400000000001",12372,12629,13013,"29501.599999999944"
46,49,49,"895.5999999999999",1361,1499,1704,"13205.199999999964"
47,50,50,"890.6",1318,1629,2106,"12463.999999999967"
48,51,51,"2031.2000000000003",2346,2447,2658,"12848.999999999973"
49,52,52,"1030.4",1454,1606,1954,"13431.19999999998"
50,53,53,"8685.8",9110,9360,9849,"15338.799999999988"
51,54,54,"1610.0000000000002",2094,2323,2791,"3804.3999999999983"
52,55,55,"1370.2",1858,2114,2815,"4750.399999999998"
53,56,56,854,1331,1460,2603,"6078.399999999996"
54,57,57,"1125.4",1847,1972,2115,"5649.799999999996"
55,58,58,625,1068,1193,2344,"6089.999999999996"
56,59,59,"1150.4",1574,1854,2852,"12601.799999999992"
57,60,60,3394,3790,3961,4663,"6302.799999999997"
58,61,61,"1407.2",1769,1946,2292,"4123.999999999996"
59,62,62,1971,2303,2656,2819,"6426.399999999998"
60,71,71,1532,1807,1960,2556,"3631.6"
61,80,80,"1158.8",1372,1485,2243,"12501.999999999973"
62,81,81,"1099.6000000000001",1377,1736,3551,"9169.399999999969"
63,82,82,717,1049,2656,9121,11108
64,83,83,1886,2755,5823,11824,20976
65,84,84,"844.9000000000001",1529,7435,15923,"17447.099999999995"
66,85,85,945,1559,2433,10206,12834
67,88,88,1397,2342,5817,16474,"18121.999999999996"
68,89,89,943,1439,11754,13218,14729
69,90,90,3521,"4166.5","5232.5",6341,9860
70,92,91,997,1880,4718,9201,"12327.599999999955"
71,96,92,1164,"2138.5","2827.5",3528,9859
72,97,97,"754.4000000000001",1635,1798,2760,"8422.399999999998"
73,98,98,"1303.2000000000003",1625,2420,4948,"12396.999999999984"
74,99,99,737,1286,2135,5931,11371
75,100,100,744,1223,1481,2730,7627
76,101,101,"922.8000000000002",1132,1816,4630,"11592.199999999979"
77,102,102,1263,2260,12058,22078,27288
78,103,103,"1605.2000000000003",2792,16678,17680,"27479.999999999953"
79,106,106,1328,"3468.5",10356,12462,"25490.5"
80,107,107,"1558.9",2503,3619,7912,"18136.199999999997"
81,108,108,"2416.8",2780,3268,4951,"8517.8"
82,119,119,"783.8000000000001",1319,1701,2537,"8120.799999999994"
83,121,121,"2119.1",2742,"13760.5",17841,"30785.09999999999"
84,130,130,4577,"5618.5",7278,"13782.5",23273
85,141,140,607,2429,"4799.5","14051.5",28271
86,146,143,1365,2477,"3747.5",9542,21585
87,150,150,"582.9000000000001",1016,3049,6129,"20930.199999999993"
88,152,152,2830,3046,3760,9129,26069
89,153,153,"2055.6",2292,4222,"9562.5","23312.29999999999"
90,154,154,1349,2658,4314,9768,"17480.799999999996"
91,157,157,"1030.7000000000003",1785,5225,9922,"22270.399999999994"
92,165,164,"2784.5",4166,"9920.5",16949,21304
93,175,175,"1177.6",1990,6393,7991,"13373.999999999993"
94,176,176,1133,1952,2618,5307,"12720.399999999996"
95,177,177,"5388.4",5824,6139,6496,"11305.199999999997"
96,178,178,"1436.6000000000001",2220,2690,4104,"7331.799999999996"
97,180,180,"1111.6",1530,1789,2255,"5237.199999999999"
98,181,181,1778,2163,2648,4029,"5857.4"
99,182,182,908,"1125.5","1699.5",14039,23662
100,183,183,1473,2011,3511,"9791.5",15703
101,184,184,626,1156,1547,2738,12217
102,185,185,"850.2",1286,2123,5837,"10591.599999999997"
103,186,186,"1205.7",1878,"2304.5",3705,"12934.499999999949"
104,187,187,3596,3973,"4368.5",4691,"9108.499999999975"
105,188,188,1245,1795,2099,2555,"5014.199999999998"
106,189,189,"1407.8",1849,2329,4921,"6085.799999999999"
107,190,190,"1672.2000000000003",2355,2563,3576,"197128.99999999994"
108,192,192,"3257.6",3976,7179,11976,"21958.79999999996"
109,195,195,"1735.5000000000002",3119,5134,12921,"38929.799999999945"
110,198,197,"1961.9",3086,7930,19080,"23558.099999999995"
111,203,203,"1893.4",2629,3305,17141,"22416.199999999997"
112,207,207,"10606.8",11613,13109,25545,"31116.4"
113,216,216,"2254.5","3846.5","7300.5","12759.5","32576.999999999876"
114,217,217,"1457.1000000000001",2464,8695,"21201.5","30962.09999999987"
115,234,234,"1962.8000000000002",2941,4027,23079,"42021.99999999996"
116,268,268,"1703.2",3023,7101,19111,"42995.59999999999"
117,397,397,"1508.4",3832,11498,24562,"53558.6"
118,438,438,"1205.0000000000002",2568,8676,43342,"70854.39999999985"
119,500,445,"6462.6",7943,12852,41813,"76217.19999999987"
120,648,648,"1075.2",3541,6528,33964,"83913.4"
121,709,709,"10165.400000000001",12587,15111,38029,"89951.59999999999"
122,852,852,"1756.0000000000002",3229,3791,12466,"63372.39999999999"
123,1158,1158,"3151.2",4347,5422,15156,66832
124,1241,1241,"1860.8",2734,3683,11416,"69506.8"
125,1425,1425,"1565.2",2426,3425,6819,"70923.59999999998"
126,1512,1512,"843.0000000000001",1721,2918,7713,"72855.39999999997"
127,1544,1544,"1055.2",1697,3776,7475,"74684.59999999992"
128,1613,1613,"1673.6",2170,2736,7321,"70557.7999999999"
129,1747,1747,"2945.8",3701,5484,14438,"62273.79999999988"
130,1945,1945,"700.8000000000001",1267,2428,8467,"59275.39999999984"
131,2139,2139,2692,3353,4198,6983,"62443.19999999985"
132,2283,2283,1503,2319,3326,4172,"67091.59999999986"
133,2328,2328,"4257.200000000001",4730,"6187.5",9029,"82944.59999999983"
134,2867,2839,3908,4812,"5773.5",7769,"63374.099999999846"
135,4672,4672,"2708.4",3240,4514,18479,"97157.59999999995"
136,5219,4898,5468,6084,7027,13150,"84230.59999999989"
137,5889,5889,"1794.6000000000001",2717,4064,11207,"87448.79999999993"
138,6075,6075,"1373.4",2245,3782,10183,"91378.79999999992"
139,6205,6205,"1199.8",1996,2589,10979,"95214.99999999988"
140,6348,6348,"1213.6",1949,2962,9726,"97014.19999999987"
141,6513,6513,"1435.8",2384,3008,4980,"96557.39999999985"
142,6755,6755,"1307.2",2434,2994,4345,"97463.59999999982"
143,6928,6928,"1134.6",2082,2463,3954,"96275.39999999982"
144,7172,7172,"2286.2",2943,3560,8770,"86768.39999999982"
145,7689,7689,"4652.2",5319,6207,8007,"79002.5999999998"
146,8581,8581,"1140.8000000000002",2117,2754,3505,"64546.399999999834"
147,10632,10632,"2069.4",3386,3756,5769,"74002.59999999983"
148,11224,11224,"1395.2",1983,2659,4251,"63392.999999999854"
149,12812,12812,"2292.4","3476.5","15929.5",34885,"43996.49999999996"
150,13665,12916,1250,2083,17638,27872,65939
151,15300,15185,"1936.5",5200,14555,17160,"86398.20000000007"
152,16385,16385,1708,3370,4127,6639,"77812.99999999997"
153,17113,17113,"853.4000000000001",1937,2608,4277,"71527.59999999998"
154,17654,17654,"4607.200000000001",5792,6090,7079,"62298.59999999997"
155,18846,18846,1668,"2583.5","4437.5",12751,45985
156,19941,19770,1156,1759,4515,7166,56986
157,22910,20638,"1184.9",1918,"2852.5",5327,"56305.99999999999"
158,21109,21109,"7013.800000000001",7619,8190,10660,"53916.399999999994"
159,22546,22546,"1899.8000000000002",2453,3556,5602,"41126.99999999999"
160,23990,23990,"7085.200000000001",7936,9300,11905,"26057.999999999993"
161,27796,27796,5464,6366,7706,8159,"35928.99999999997"
162,29388,29388,"1889.2000000000003",2697,3548,5035,"34100.399999999965"
163,31829,31829,6819,7598,8258,8771,"40886.99999999996"
164,34554,34554,3755,5113,"6257.5",19676,49265
165,37330,37105,1551,2930,"3562.5",10835,50561
166,38611,38611,1006,2246,3350,4711,"58364.999999999985"
167,39713,39713,"2621.8",3585,3950,5367,"57953.59999999998"
168,41598,41598,"2070.6000000000004",2860,3380,4784,"63407.59999999999"
169,43807,43807,"1416.4",2842,3561,4058,"59631.599999999984"
170,46258,46258,"2343.8",2992,4084,4507,"42627.39999999997"
171,52991,52991,"2615.7000000000003",3654,4655,5404,48297
172,54073,54073,"2543.7000000000003",3041,"3544.5",4947,"50191.59999999998"
173,55431,55431,"1595.5",2253,"2981.5",3312,"50603.29999999999"
174,56487,56487,"2343.4000000000005",2733,3456,4559,"60204.19999999998"
175,61478,61478,"5198.1","5679.5","5976.5","6810.5","64288.999999999985"
176,62404,62404,"3613.2000000000007",4135,4288,5571,"73768.2"
177,67260,67260,"2330.9000000000005",3224,"3483.5",4789,"60922.49999999996"
178,73228,73228,"2709.8",3946,4022,5324,"66060.39999999997"
179,74568,74568,"2287.9",3104,"3607.5",4285,"54035.29999999983"
180,83640,83640,"4356.200000000001",5262,7711,29036,"88750.5999999997"
181,89127,88770,"3488.7000000000007",7083,8739,14183,"236194.99999999907"
182,122386,93838,3227,3674,6610,7399,36481
183,96036,96036,1670,3156,3335,4297,29116
184,102916,102916,1631,3951,5674,6402,43351
185,109148,108239,1972,3530,4913,5762,32415
186,113356,113356,6625,6987,7343,8419,17502
187,126174,126174,1808,5492,"6437.5",8208,9984
188,136476,136476,6318,6819,9916,10957,48931
189,146998,146976,2582,5802,6419,8705,30586
190,156306,156306,4842,5609,"8436.5",8771,14522
191,166588,166588,2611,6937,10474,11081,213696
192,181687,177421,2898,8478,13583,71345,393837
193,205437,178766,4457,12953,16457,39222,354750
194,228153,207073,4098,11844,"18317.5",35612,414254
195,261768,218899,5399,16430,75939,199975,413154
196,295384,251443,"3974.0000000000014",20291,87172,284445,"445645.1999999998"
197,307295,251803,"8149.5",48429,97924,327715,544256
198,340911,285418,8900,96429,"183857.5","285722.5",516397
199,319034,311158,"6290.6",67674,"148820.5",212435,"419759.99999999924"
200,352650,352650,5619,73791,"119309.5",193213,501711
201,386266,386265,9414,55930,92631,223268,"505520.9999999992"
202,419881,386768,5446,42174,124938,293057,452396
203,453496,433876,5146,82342,163435,302356,413814
204,487111,464456,"5452.400000000001","95802.5",272693,388479,492902
205,498071,481690,"21103.600000000002",129063,213528,294904,"425180.59999999986"
206,531687,498970,6077,137243,243801,293243,"400406.5"
207,565302,532585,7190,90040,130346,185262,301316
208,550741,550741,"27962.4",144491,334390,760390,"1122468.5999999999"
209,584356,584356,47166,198492,426166,704005,1002917
210,617972,617971,6483,121514,324191,567942,946763
211,651586,646110,28298,158117,352316,556156,916483
212,685200,679725,"12664.600000000006",94393,342725,516268,828096
213,718815,713340,"6628.2",72517,306272,544483,"769295.6000000001"
214,743618,743618,14170,219639,393761,600371,794519
215,766212,766212,10950,73173,220991,379450,"634793.3999999993"
216,799827,799827,6795,46325,205579,494701,"713237.3999999997"
217,833443,833442,"35318.4",180032,480880,825593,"1854259.4999999995"
218,867058,867057,"7134.400000000001",189972,504938,865670,"1886085.9999999974"
219,900672,900671,"12769.5","168041.5","389824.5","725462.5",1668654
220,934287,934285,7723,154107,405646,748016,1549397
221,967903,967901,"7562.000000000001",182946,406350,711562,"1554415.9999999995"
222,1001518,1001515,6027,145218,"364586.5",675805,1929902
223,1035133,1035130,"6250.4",130531,544765,1399760,"2452435.3999999976"
224,1068748,1068745,5811,213278,507048,"943160.5","2244492.5"
225,1102364,1102362,"5664.8",104277,369123,954518,2562786
226,1135977,1127351,5116,110252,474157,1051252,2020507
227,1169592,1127352,5824,140812,764725,"1389754.5",2682889
228,1203207,1127909,5414,333433,"822496.5",1403862,2106736
229,1194581,1161523,8502,319361,751803,1394631,2604057
230,1228196,1184713,6403,277615,615420,1350605,1858965
231,1261811,1184714,24881,356655,"901362.5",1655671,2974386
232,1295425,1194866,"31235.800000000017",352463,879422,1631594,"2716022.9999999963"
233,1318944,1220542,5837,344974,865067,1534882,2943311
234,1318945,1239940,"5130.4",225433,620639,1558290,"2905124.9999999995"
235,1352560,1273555,5614,245402,915549,1579693,2852384
236,1352789,1321386,"5251.8",222644,860809,1568903,2798118
237,1386403,1355001,"10591.2",333370,"1048502.5",1638707,"3071760.399999999"
238,1420018,1388616,"5410.900000000001",134871,"611278.5",1548738,"2816910.7999999993"
239,1422231,1422231,"4725.6",231680,915706,1635941,"3152384.599999996"
240,1455847,1451118,"4893.6",191471,628433,1463677,"2893058.5999999996"
241,1489462,1482295,4902,329784,1048279,1636874,3586149
242,1523077,1482888,5018,235269,898804,1631679,3014507
243,1556692,1485145,4141,319724,904460,1482343,3006371
244,1583134,1486873,2347,327639,1042611,1635610,2995776
245,1520488,1488265,4766,484496,1183262,1888900,2967612
246,1507930,1507930,119840,472068,989384,1581081,2955649
247,1525180,1525180,111865,560210,980871,1438219,2957131
248,1558795,1558795,5145,194333,974950,1449201,3057799
249,1592410,1592410,4929,212677,934742,1399322,2995906
250,1626025,1626025,6198,212239,925636,1395782,2981355
251,1659641,1659640,4875,245119,555703,1374536,"2944278.4"
252,1693255,1668372,4404,126717,274882,1083959,"2885995.5999999996"
253,1726870,1671746,"3406.1000000000004",90973,"392777.5",1259023,"2867200.7"
254,1760485,1705361,4272,83821,476364,1442017,2884470
255,1792693,1765373,4589,167871,808769,1464806,3002072
256,1798988,1765374,639,165439,799566,1439180,2990780
257,1832603,1765375,5193,203859,"906108.5",1449350,2990498
258,1866218,1765376,6109,207510,1008041,1450871,2983917
259,1765377,1765377,37308,319837,999866,1451155,2970334
260,1772066,1772066,24703,195842,775321,1442009,2969288
261,1775063,1772067,2575,170430,752422,1424695,2956971
262,1790541,1790541,13774,284429,"967857.5",1440160,2966457
263,1790542,1790542,12637,283539,"968900.5",1448603,2976078
264,1790543,1790543,2575,273812,961363,1446763,2977096
265,1790544,1790544,2810,"201816.5",841432,1441386,2981983
266,1795827,1794452,3063,179852,732805,1435898,2989377
267,1829442,1807872,5246,139920,694929,1402019,2959119
268,1834787,1834787,3232,162691,"798923.5",1418655,2968739
269,1834788,1834788,31003,222802,916221,1430470,2970964
270,1834964,1834964,17077,"144201.5",774775,"1407533.5",2967430
271,1836501,1834965,864,"138260.5","764887.5","1404676.5",2969124
272,1835248,1835248,2116,131757,645272,1382198,2968470
273,1868863,1842124,4020,128277,640255,1382751,2974655
274,1866990,1866990,16494,135781,844394,1419210,2971244
275,1871863,1871863,10537,133560,837596,1422870,2974980
276,1871864,1871864,7847,135412,835199,1430080,2982504
277,1872475,1872475,1613,129388,825041,1367875,2981531
278,1906090,1872923,1026,75643,603431,1366744,2986189
279,1939705,1873839,1899,119249,710368,"1406640.5",2994670
280,1951955,1874187,1230,101236,598368,1369290,2999687
281,1962090,1874840,1681,125373,802847,1447564,2997281
282,1908455,1876569,1044,100403,"687282.5","1402831.5",2997700
283,1878254,1878254,2203,116868,784879,1451050,2999174
284,1879390,1879390,1436,114112,777819,1454069,3001239
285,1883290,1883290,1988,131801,"835397.5",1461775,3007409
286,1883534,1883534,1535,113576,773478,1465710,3010207
287,1885511,1883535,868,102705,544696,1336953,3004114
288,1884287,1884287,1427,60090,433893,1326194,2998457
289,1897318,1894136,2317,37956,326873,1315530,2995899
290,1901622,1899724,1351,25836,498506,1301691,2989001
291,1911008,1911008,8091,83711,"778322.5",1449998,2997444
292,1914656,1914656,3177,78800,"773418.5",1451492,2999053
293,1917135,1917135,3683,56157,474116,1287840,2992047
294,1950750,1924930,2452,29722,470526,1287592,2996300
295,1934887,1934887,2719,56829,676863,1451626,2997669
296,1935343,1935343,1802,38539,658706,1441152,2987929
297,1938358,1938358,3063,35748,655840,1446179,2991769
298,1938370,1938370,1514,26325,434115,1262585,2989524
299,1959560,1939570,1476,8860,432872,1262870,2995146
300,1939888,1939888,1041,18287,"532374.5",1356220,2996459
301,1941134,1941134,1363,12855,"525240.5",1354287,2996319
302,1943058,1943058,2362,4387,619417,1455843,2992987
303,1945407,1945407,1714,3773,615383,1461566,2996441
304,1946083,1946083,1251,42062,"708253.5",1469331,3002323
305,1946238,1946238,2766,3693,606802,1470963,3001991
306,1949576,1949576,1324,31708,388513,1237263,3004936
307,1950648,1950573,1393,29643,384981,1236385,3009197
308,1952144,1950668,1591,19289,580825,1472955,2997522
309,1975671,1975671,9900,21237,"469524.5",1348616,3001421
310,1981986,1979761,2888,"9587.5","453776.5",1339034,2992765
311,1983209,1983209,2889,13968,556399,1477451,2995619
312,1983455,1983455,1452,10584,551053,1480577,2997658
313,1985999,1985999,1785,"13307.5",440093,1344143,3000466
314,2019614,1986916,3431,56272,153398,1177911,2983293
315,2009623,2009605,4501,39225,108541,1164112,2973916
316,2017701,2015097,3035,14791,"375986.5",1447268,2954919
317,2050249,2050249,5288,14162,264019,1540082,2953829
318,2058625,2058625,8836,35140,468591,1535396,2953063
319,2062718,2062718,3209,16099,559229,1516905,2994140
320,2096333,2066593,2884,"4949.5",224220,"1312903.5",2982193
321,2068621,2068621,3941,4611,214736,1110394,2972761
322,2071467,2071379,0,2579,204062,1496791,2967613
323,2071515,2071515,466,2349,406509,1495159,2967095
324,2071516,2071516,1552,2026,402952,1495513,2968751
325,2071517,2071517,2730,3064,395431,1492082,2966633
326,2071518,2071518,1086,1581,284075,1488568,2964486
327,2071519,2071519,1179,1621,280643,1489171,2966687
328,2074008,2074008,1724,2632,374430,1483503,2961664
329,2074392,2074392,1451,2015,371140,1484006,2963543
330,2074431,2074431,2459,4322,362987,1479449,2960675
331,2082572,2082572,5669,6723,249537,1473235,2955616
332,2098352,2095041,4123,9387,39096,1006156,"2797557.999999998"
333,2100681,2100416,"1709.5",6829,13874,746539,"2402515.5999999978"
334,2101944,2101824,1570,4188,13797,1030291,2929973
335,2102224,2102224,1107,6388,304598,1485873,2928894
336,2102899,2102899,1246,2120,"189676.5",1477859,2921692
337,2105388,2105388,2013,2331,289748,1479098,2923794
338,2105998,2105998,1121,1864,285385,1478739,2924897
339,2106830,2106830,1059,1608,279970,1477333,2925053
340,2107634,2107634,1202,1319,277832,1479041,2928048
341,2107972,2107972,1939,2085,160494,1466698,2917299
342,2110987,2110987,1209,2238,158796,1468788,2920585
343,2111702,2111702,2248,2612,251492,1464502,2917242
344,2112835,2112835,1481,1988,234613,1451840,2904961
345,2115779,2115779,1978,2688,225794,1446097,2900062
346,2117540,2117540,1972,2615,211889,1433878,2891152
347,2119497,2119497,2034,2583,199786,1423055,2884080
348,2122107,2122107,2164,2598,181862,1406258,2871331
349,2125169,2125169,1305,4010,159731,1385760,2854642
350,2130510,2130510,2887,4012,157083,893085,2857379
351,2131074,2130959,843,2188,149945,885953,2854175
352,2132072,2132072,1099,2362,127820,1358104,2836961
353,2135957,2135957,1467,2594,120649,1351298,2834413
354,2135958,2135958,1148,1337,107031,1339300,2826567
355,2135959,2135959,891,983,101384,1334618,2826372
356,2135960,2135960,1775,1893,94728,1328806,2825010
357,2135961,2135961,1318,1508,76046,1311074,2811681
358,2135962,2135962,1299,1510,74373,1310423,2815641
359,2135963,2135963,1816,2237,73089,1309708,2819324
360,2135964,2135964,0,"883.5",30374,"1270120.5",2781884
361,2136250,2136250,1175,1612,28725,"1269188.5",2785715
362,2136251,2136251,947,1157,8877,1251746,2771462
363,2136380,2136380,1749,1917,2755,1245505,2769407
364,2136381,2136381,772,955,1669,1232623,2761538
365,2136413,2136413,1570,1804,2498,1212322,2745378
366,2136563,2136563,1698,1871,"2515.5",1212840,2749409
367,2136564,2136564,618,915,"1417.5",1206884,2746968
368,2136565,2136565,1076,1420,"1925.5",1196235,2740533
369,2136566,2136566,726,788,1514,1170720,2719102
370,2136567,2136567,962,1052,1962,1166548,2718827
371,2136568,2136568,1322,1722,2246,1156738,2713442
372,2136569,2136569,867,967,2629,1150931,2712189
373,2136570,2136570,1874,2108,19513,650499,2704995
374,2147024,2146792,2047,4811,13780,647240,2705791
375,2153103,2153103,3774,4333,"10668.5",1131112,2705225
376,2155251,2155251,3295,4656,7338,1127061,2705185
377,2156496,2156496,"1496.8000000000002","3094.5","135498.5",515629,"2602301.699999992"
378,2190111,2190111,4101,10808,39124,420475,"2412142.399999997"
379,2197137,2197137,3446,14085,19302,1003014,2591784
380,2197216,2197216,310,1107,"34944.5",736960,2571878
381,2197258,2197258,797,3870,21319,477755,2559801
382,2214545,2210185,2189,7247,17592,476468,2559957
383,2214677,2214677,2456,2997,36415,955516,2552182
384,2214678,2214678,1404,1537,28743,949464,2546826
385,2214872,2214872,1962,2084,17119,938651,2537369
386,2215908,2215908,1114,1352,10596,932937,2533071
387,2215914,2215914,837,1110,"1874.5",910955,2512703
388,2217773,2217773,1069,1940,3494,896573,2503893
389,2217811,2217811,2295,2456,2776,890467,2498828
390,2218537,2218537,2681,2928,3815,868540,2478480
391,2222474,2222474,4148,4316,5567,829258,2440706
392,2229475,2229475,3592,3911,4746,821002,2434517
393,2230706,2230706,"2324.2",2772,24129,188096,"2005802.599999994"
394,2232944,2232858,1110,2296,"13913.5",102265,1892589
395,2234606,2234480,826,3441,4647,"540257.5",2406428
396,2237063,2237063,1004,2208,"3036.5",779449,2397870
397,2238567,2238567,2046,2340,"2843.5",763731,2382820
398,2241229,2241229,1801,2998,"4004.5",762262,2382780
399,2241702,2241702,913,1848,2718,243610,2368439
400,2244369,2244211,1415,2662,3480,"492761.5",2367524
401,2245104,2245104,1301,1818,2776,741862,2362353
402,2246345,2246213,2007,2783,3453,738123,2360530
403,2247130,2247130,488,1111,2239,723350,2347583
404,2247131,2247131,1619,2137,2535,716388,2342577
405,2247132,2247132,886,1360,1988,713448,2341115
406,2247133,2247133,1019,1146,1560,708591,2337700
407,2247134,2247134,1396,1533,"2248.5",706559,2337291
408,2247135,2247135,2677,2789,"3200.5",698501,2331026
409,2247136,2247136,1030,1156,"1575.5",677561,2311627
410,2247137,2247137,1616,1700,"2220.5",674562,2310188
411,2247138,2247138,621,1151,1486,672605,2310043
412,2247139,2247139,1343,1469,"1957.5",670640,2310246
413,2247141,2247141,1312,1511,1837,653758,2294631
414,2247142,2247142,681,1074,1451,651926,2294163
415,2247143,2247143,848,935,1181,125714,2287690
416,2247144,2247144,218,748,1040,115864,2280154
417,2247145,2247145,936,1391,1760,628337,2273723
418,2247146,2247146,1404,1477,"1928.5",625288,2272324
419,2247147,2247147,1279,2107,2192,616123,2263962
420,2247148,2247148,1625,1809,2313,610183,2259498
421,2250205,2250205,2126,2344,2579,597735,2248513
422,2254203,2254203,5746,14074,31759,558654,2210682
423,2278895,2278895,7715,8824,"11443.5",530847,2184785
424,2291757,2291757,1472,4062,6135,505557,2161446
425,2291758,2291758,1975,2178,2441,497535,2155932
426,2291759,2291759,953,1013,1289,482453,2142870
427,2291760,2291760,1216,1390,"1494.5",478231,2140641
428,2291761,2291761,867,1284,1414,473841,2137163
429,2291762,2291762,780,1333,"1578.5",450652,2115866
430,2292196,2292196,418,1011,1478,441773,2108552
431,2292197,2292197,1358,1444,"1712.5",440391,2109219
432,2292198,2292198,596,1108,1292,410975,2082303
433,2292199,2292199,1447,1683,"1928.5",391679,2064957
434,2292200,2292200,632,1164,1562,366439,2041530
435,2292201,2292201,752,849,"965.5",364328,2041544
436,2292202,2292202,895,1292,"1602.5",360006,2040009
437,2292203,2292203,979,1227,"1499.5",351415,2033618
438,2292204,2292204,1120,1460,1565,336912,2021282
439,2292205,2292205,493,895,"962.5",334317,2021089
440,2292206,2292206,1215,1292,1475,321800,2011107
441,2293066,2293066,1156,1348,"1948.5",201343,1892801
442,2293068,2293068,1032,1154,1434,190661,1884402
443,2293069,2293069,751,901,1320,179073,1873971
444,2293070,2293070,921,1084,1531,147440,1844514
445,2293071,2293071,1107,1156,1441,97816,1797033
446,2293220,2293220,1116,1526,1830,91366,1792710
447,2293221,2293221,860,1060,1393,74738,1778437
448,2293273,2293273,856,994,1121,56615,1762035
449,2293277,2293277,928,1063,1422,50950,1760846
450,2293385,2293385,1244,1842,2059,46460,1759851
451,2293386,2293386,959,1051,1161,37858,1753633
452,2297721,2297721,2240,2687,2810,3937,1681276
453,2300440,2300440,965,2124,2553,3634,1666558
454,2303342,2303342,5387,5656,"6002.5",7767,1636920
455,2315255,2315255,5092,5494,5992,8308,1631944
456,2316654,2316654,2594,2947,3240,5677,1628064
457,2316708,2316708,974,1441,1852,4586,1625838
458,2316890,2316890,1777,1974,2476,28497,1618799
459,2318054,2317914,855,2018,3023,19271,1598230
460,2321741,2321741,1276,2041,2427,15900,1596719
461,2321934,2321934,1153,1374,1791,4262,1586081
462,2324258,2324258,2560,3123,3393,4073,1576634
463,2325788,2325788,1745,1934,2240,3568,1574819
464,2326823,2326823,1977,2237,"2363.5",2980,1565733
465,2328534,2328534,1863,2096,2476,3767,1546652
466,2331840,2331840,2567,2919,3585,4870,1529903
467,2335225,2335225,2163,2480,3178,3874,1510664
468,2336631,2336631,1783,2025,2247,2492,1505529
469,2336643,2336643,2703,2846,3301,4305,1472337
470,2350167,2350167,1689,4580,5072,6913,1447813
471,2351321,2351321,1622,1824,"2591.5",3762,1435525
472,2352972,2352359,2354,3172,3415,3844,1416268
473,2354264,2354264,1521,1697,1982,2263,1396762
474,2354265,2354265,808,894,1254,1773,1389988
475,2354273,2354273,1637,1763,2048,2465,1352265
476,2354555,2354555,1415,1557,1952,2150,1344667
477,2354955,2354955,1870,2501,3538,66637,98389
478,2357956,2357863,1628,2546,40249,62038,94478
479,2358682,2358516,1446,2650,3726,"24659.5","1162932.5999999896"
480,2361958,2361958,1906,2057,3264,5505,1266656
481,2361961,2361961,879,1059,1218,1448,1252734
482,2361964,2361964,1613,1751,"2059.5",2194,1237831
483,2361965,2361965,1528,1700,2128,2213,1227908
484,2361967,2361967,1226,1325,1652,1877,1222067
485,2361979,2361979,681,1171,"1272.5",1638,1209241
486,2361984,2361984,593,1055,1389,1630,1200345
487,2361985,2361985,1704,1762,1893,2086,1198442
488,2361986,2361986,1374,1511,1643,1882,1194595
489,2361987,2361987,613,688,956,1106,1182731
490,2361988,2361988,1075,1147,1356,1501,1181857
491,2361989,2361989,1035,1489,1556,1732,1180005
492,2361990,2361990,921,1020,1202,1368,1177614
493,2361993,2361993,1025,1455,1546,1778,1172652
494,2361994,2361994,611,1106,1252,1485,1170704
495,2361995,2361995,968,1136,1332,1525,1150813
496,2361996,2361996,1010,1443,1898,2106,1148049
497,2361999,2361999,738,889,1121,1358,1138592
498,2362000,2362000,1156,1240,1352,1569,1131634
499,2362001,2362001,909,1231,1345,1507,1096702
500,2362018,2362018,1272,1421,1779,1920,1095804
501,2362019,2362019,861,1006,1099,1379,1055872
502,2362020,2362020,596,714,936,1076,1036958
503,2362021,2362021,893,1352,1455,1868,1027034
504,2362022,2362022,1201,1336,1475,1592,1017126
505,2362023,2362023,661,781,892,1196,962504
506,2362618,2362618,1883,2012,2289,2350,960440
507,2362619,2362619,1142,"1250.5",1402,"35594.5",956608
508,2362620,2362620,888,1473,1682,"26768.5",948718
509,2362621,2362621,314,925,1399,1492,923770
510,2362636,2362636,"477.9000000000002",964,"1092.5","1459.5","979616.5999999965"
511,2362639,2362639,"1387.1000000000001",1526,"1573.5","1881.5","969647.6999999965"
512,2362640,2362640,"1450.9","1611.5","1637.5",1696,"963662.8999999965"
513,2362643,2362643,"1497.3000000000002","1685.5",2091,"2257.5","944585.9999999965"
514,2362644,2362644,366,771,"1093.5","1376.5","942519.7999999966"
515,2362645,2362645,"942.5000000000001",1109,"1188.5",1359,"919513.9999999965"
516,2362646,2362646,"1229.5000000000002",1426,1792,2011,"898402.8999999965"
517,2362663,2362663,"1776.5000000000002","1881.5","2028.5",2208,"892328.6999999965"
518,2362664,2362664,"979.4000000000001","1045.5","1336.5",1550,"857259.5999999966"
519,2362665,2362665,"1163.5","1293.5",1348,"1736.5","847173.5999999966"
520,2362666,2362666,"543.7",708,"819.5",1132,"831113.7999999966"
521,2362667,2362667,"1257.4",1426,1499,1788,"814120.9999999965"
522,2362670,2362670,"986.6000000000001",1133,"1286.5",1532,"808049.0999999965"
523,2362671,2362671,"1445.3000000000002","1571.5","1800.5",2031,"776124.9999999965"
524,2362672,2362672,"1506.4000000000003",1673,"2085.5","2313.5","753061.7999999966"
525,2362689,2362689,"492.70000000000016",986,1193,1335,"740873.9999999965"
526,2362690,2362690,1071,1189,1346,1409,661569
527,2362693,2362693,1224,1348,1496,1800,655601
528,2362694,2362694,680,1091,1195,1456,646619
529,2362695,2362695,"1461.2000000000003","1552.5","1710.5","1842.5","704640.2999999966"
530,2362696,2362696,483,"948.5","1102.5","1415.5","700576.2999999966"
531,2362697,2362697,"1641.1000000000001","1806.5",2293,2389,"668560.6999999967"
532,2362714,2362714,"936.6000000000001","1093.5",1121,"1283.5","665624.5999999966"
533,2362715,2362715,"5.700000000000001","969.5","1079.5",1495,"659645.0999999966"
534,2362716,2362716,"547.7000000000002",686,901,1100,"658564.4999999966"
535,2362717,2362717,"882.1",977,1058,1446,"649506.4999999966"
536,2362718,2362718,573,1032,"1085.5",1335,"632417.2999999967"
537,2362721,2362721,"712.6000000000001",852,"956.5",1182,"628342.8999999966"
538,2362722,2362722,274,701,"1032.5",1310,"624392.1999999967"
539,2362723,2362723,806,1257,1532,1805,562202
540,2362724,2362724,437,1062,1144,1441,509329
541,2362741,2362741,"1148.7","1586.5","2028.5",2176,"535300.4999999966"
542,2362742,2362742,695,"1111.5","1364.5","1515.5","523210.9999999967"
543,2362745,2362745,"603.2000000000003",1145,"1214.5","1431.5","505759.4999999967"
544,2362746,2362746,347,"858.5",1021,"1216.5","497680.79999999667"
545,2362747,2362747,"772.5000000000002","895.5",972,"1140.5","493679.6999999967"
546,2362748,2362748,1408,1505,1935,2096,"467610.1999999967"
547,2362765,2362765,"1399.7",1607,1907,2072,"449556.79999999667"
548,2362766,2362766,"634.6000000000001",785,854,"1213.5","440569.0999999967"
549,2362767,2362767,"1203.2000000000003",1315,"1402.5",1482,"421510.1999999967"
550,2362770,2362770,1121,"1599.5","1867.5","2164.5","411512.8999999967"
551,2362771,2362771,592,680,1177,1402,340519
552,2362772,2362772,1044,1565,"1660.5",1900,321574
553,2362773,2362773,"663.2000000000002",818,884,"1108.5","368347.2999999967"
554,2362778,2362778,"780.3000000000002","938.5","1089.5","1345.5","353273.19999999675"
555,2362793,2362793,934,"1422.5",1629,"1774.5","351213.7999999967"
556,2362794,2362794,"332.20000000000016",754,872,1105,"349136.99999999674"
557,2362795,2362795,"1315.2000000000003",1504,"1930.5",2137,"339052.19999999675"
558,2362796,2362796,"883.7000000000002",976,"1359.5",1672,"331977.99999999674"
559,2362797,2362797,"1132.5000000000002",1259,1508,"1828.5","286879.5999999967"
560,2362814,2362814,"1182.7",1333,1539,"1760.5","270848.2999999968"
561,2362817,2362817,"2048.4",2360,2531,3402,"214066.09999999675"
562,2370482,2370482,3075,3427,3767,4916,128796
563,2370483,2370483,937,1539,1609,1951,77145
564,2370514,2370514,"1453.9",1542,"1751.5",1935,"121551.49999999677"
565,2370641,2370641,"2010.9","2214.5","2331.5",2786,"59125.39999999685"
566,2373152,2373152,2474,2787,3270,3673,4978
567,2376462,2376462,"2202.0000000000005","2436.5",3124,3429,"57162.89999999701"
568,2377548,2377548,3021,3765,"4269.5","4719.5","57568.699999997036"
569,2378414,2378414,2016,2168,2332,2631,3109
570,2383301,2383301,"2028.4000000000003",2365,2574,"3276.5","51017.29999999733"
571,2383302,2383302,"804.0000000000001",912,"1231.5","1440.5","48352.299999997354"
572,2383303,2383303,329,757,941,"1089.5","47177.29999999743"
573,2383304,2383304,"1051.4",1220,"1428.5",1582,"43665.39999999763"
574,2383324,2383324,"541.2",637,802,946,"41340.49999999774"
575,2383325,2383325,956,1403,1447,1803,39025
576,2383326,2383326,763,1204,1645,1831,14175
577,2383339,2383339,"1080.8000000000002",1328,1463,"1682.5","37206.79999999802"
578,2383345,2383345,"1059.2000000000003",1201,1312,1447,"36444.39999999803"
579,2383348,2383348,"1251.9",1337,"1858.5",1936,"33374.699999998236"
580,2383349,2383349,"1145.1","1543.5",1991,"2120.5","31437.999999998337"
581,2383350,2383350,737,"1181.5",1347,"1537.5","29205.899999998466"
582,2383370,2383370,"949.6000000000001",1106,"1254.5","1408.5","28137.899999998495"
583,2383371,2383371,"1107.9",1411,1682,1737,"27858.299999998526"
584,2383372,2383372,"1314.4","1525.5","1683.5",1983,"28085.799999998588"
585,2383373,2383373,"1551.2",1669,1924,2132,"26935.0999999986"
586,2383374,2383374,"761.1000000000001",929,1079,"1361.5","24831.199999998673"
587,2383390,2383390,"646.9000000000001","707.5",1244,"1513.5","22009.69999999886"
588,2383410,2383410,"1558.8","1777.5","1798.5",1898,"19875.69999999901"
589,2383412,2383412,"1373.2",1481,1622,"1877.5","19463.499999999032"
590,2383413,2383413,"1034.5000000000002","1146.5",1192,"1463.5","17666.199999999088"
591,2383414,2383414,"1138.4",1416,1656,1759,"17740.799999999108"
592,2383415,2383415,"575.2000000000002",764,"888.5","1085.5","16199.999999999165"
593,2383420,2383420,"1286.6","1471.5",1544,"1678.5","16551.99999999918"
594,2383427,2383427,"1445.6000000000001",1608,1728,1892,"14580.499999999312"
595,2383437,2383437,"786.6000000000001",885,1085,1270,"13068.099999999376"
596,2383438,2383438,"908.7000000000002",1039,"1187.5",1497,"13981.899999999392"
597,2383439,2383439,"610.4000000000001",765,"883.5",1139,"11622.799999999423"
598,2383440,2383440,"589.8000000000001",768,"873.5",1028,"9291.999999999543"
599,2383441,2383441,"1415.6000000000001","1603.5","1816.5",1961,"9614.39999999957"
600,2383442,2383442,"1213.5",1357,"1463.5",1691,"8549.199999999613"
601,2383443,2383443,"992.9000000000001",1293,1476,"1982.5","8647.599999999644"
602,2383451,2383451,"786.5000000000001","956.5",1169,1314,"5720.6999999997815"
603,2383464,2383464,"1012.0000000000001",1113,"1317.5","1511.5","3925.199999999876"
604,2383465,2383465,740,"1124.5","1475.5",1665,"2709.3999999999623"
605,2383466,2383466,"1144.5",1292,1704,"1774.5","1917.2999999999997"
606,2383476,2383476,"1340.8000000000002",1534,"1663.5",1767,"1982.7999999999995"
607,2383488,2383488,"820.7","896.5",1299,"1367.5","1743.9999999999984"
608,2383491,2383491,"1111.8000000000002",1264,"1395.5",1587,1955
609,2383492,2383492,"961.2000000000002",1138,1182,1326,"2224.299999999998"
610,2383493,2383493,"695.5000000000001","990.5",1317,1422,"1825.7999999999986"
611,2383494,2383494,"955.3000000000002","1096.5","1132.5","1233.5","1510.5999999999985"
612,2383495,2383495,"1206.2",1311,"1521.5",1816,"1939.199999999998"
613,2383496,2383496,"1387.5","1637.5",1851,2344,"2681.199999999998"
614,2383512,2383512,"1496.9","1566.5",1829,"2016.5","2117.6999999999985"
615,2383518,2383518,"1946.0000000000002",2084,2140,"2357.5",2522
616,2383519,2383519,"2015.7000000000003",2091,"2218.5",2432,2717
617,2383520,2383520,"1420.4",2056,2105,2394,2955
618,2383539,2383539,"1270.3000000000002","1485.5",1615,"1728.5",1804
619,2383542,2383542,"1342.6000000000001","1600.5",1943,2061,"2261.999999999999"
620,2383543,2383543,"1546.4",1702,1860,"1978.5","2120.999999999999"
621,2383544,2383544,"1376.2000000000003","1531.5",1812,"1964.5","2183.699999999996"
622,2383545,2383545,"1195.8000000000002",1321,1424,1621,"1808.1999999999991"
623,2383546,2383546,"1123.2000000000003",1268,1318,1552,"1725.9999999999975"
624,2383547,2383547,"1619.6000000000001","1762.5",1855,"2171.5","2391.299999999998"
625,2383560,2383560,"789.1000000000001","965.5",1194,"1399.5","1616.699999999998"
626,2383569,2383569,"2122.6000000000004",2293,2499,2604,"2825.4999999999945"
627,2383578,2383578,"1255.7",1398,1496,"1644.5","2714.4999999999936"
628,2383591,2383591,"685.3000000000001",791,862,"1042.5","1329.9999999999998"
629,2383592,2383592,"877.0000000000001",1100,"1437.5","1592.5","1915.4"
630,2383613,2383613,1143,1637,"1838.5",2101,"2224.0999999999976"
631,2383614,2383614,"986.3000000000002",1106,"1193.5","1296.5","1568.7999999999977"
632,2383615,2383615,"1265.9",1481,1595,"1915.5","2293.5999999999985"
633,2383636,2383636,"1078.3000000000002",1229,1265,"1537.5","1755.599999999999"
634,2383637,2383637,349,"766.5",1073,1290,"1429.399999999998"
635,2383638,2383638,976,"1444.5","1765.5","1976.5","2100.9999999999986"
636,2383639,2383639,"1181.4",1377,1474,1687,"1944.5999999999976"
637,2383640,2383640,"1060.3000000000002","1223.5","1290.5","1451.5","1692.3999999999992"
638,2383641,2383641,"744.8000000000002",1001,1358,1482,1765
639,2383662,2383662,"520.5000000000001",682,"743.5",863,"1268.9999999999986"
640,2383663,2383663,"923.2000000000002",1018,1370,"1528.5","2149.899999999974"
641,2383677,2383677,"1467.4",1620,"1773.5",2058,"2376.8999999999937"
642,2383685,2383685,"1417.7",1546,"1746.5",1892,"2185.299999999992"
643,2383686,2383686,"852.2000000000002",1125,"1404.5","1520.5","1725.1999999999994"
644,2383687,2383687,"1456.8000000000002","1673.5","1870.5",2131,"2319.099999999998"
645,2383688,2383688,"1334.5","1517.5",1570,1963,"2131.2999999999984"
646,2383709,2383709,"602.5000000000001",724,"922.5",1004,"1391.3999999999992"
647,2383710,2383710,"1124.3","1327.5","1396.5","1529.5","1948.8999999999958"
648,2383711,2383711,"1552.7",1780,1890,"2040.5","2203.0999999999995"
649,2383732,2383732,"439.40000000000015",880,1112,1353,"1604.8999999999996"
650,2383733,2383733,1830,1959,2359,"2425.5","2764.0999999999967"
651,2383734,2383734,"907.0000000000001","1129.5",1218,1395,"1611.6999999999996"
652,2383742,2383742,"1219.9","1414.5","1488.5",1586,"1868.699999999998"
653,2383754,2383754,824,1082,1256,1510,"1678.1999999999985"
654,2383757,2383757,340,828,1143,1278,"1705.5999999999997"
655,2383767,2383767,"887.4000000000001",1222,1470,1620,"1774.7999999999993"
656,2383779,2383779,"1155.2",1323,1493,1633,"1982.9999999999995"
657,2383780,2383780,"1333.8",1520,1621,1925,"2283.399999999997"
658,2383781,2383781,"1228.8000000000002",1395,1471,1813,"2000.799999999998"
659,2383782,2383782,"1185.2",1316,1794,1914,"2257.599999999999"
660,2383803,2383803,"1054.8000000000002",1197,1450,1689,"1831.9999999999995"
661,2383804,2383804,"1525.4",1752,1972,2169,"2336.7999999999997"
662,2383821,2383821,"438.8000000000001",987,1108,1420,"1650.1999999999998"
663,2383826,2383826,"871.4000000000001",1075,1415,1517,"1632.7999999999997"
664,2383827,2383827,"1256.6000000000001",1434,1594,1773,3222
665,2383828,2383828,"661.2000000000002",792,1285,1457,"1532.7999999999993"
666,2383849,2383849,"3157.7","3323.5",3447,"3578.5","8136.9999999997635"
667,2383850,2383850,"815.7",888,"985.5",1267,"3205.9999999999072"
668,2383856,2383856,1641,2004,2163,2323,"2387.1999999999994"
669,2383872,2383872,"1146.4",1428,1755,2040,"2343.399999999997"
670,2383873,2383873,"1282.8000000000002",1429,1518,1606,"1864.1999999999998"
671,2383874,2383874,"1096.2",1284,1358,1633,"1798.5999999999988"
672,2383875,2383875,"1082.8000000000002",1284,1350,1668,"2381.5999999999976"
673,2383896,2383896,"564.4000000000001",749,855,1023,"1499.5999999999963"
674,2383917,2383917,779,1337,1471,1727,"2029.599999999998"
675,2383918,2383918,"1070.8000000000002",1242,1340,1548,"1827.7999999999988"
676,2383919,2383919,1462,1587,1732,2041,"2182.3999999999987"
677,2383920,2383920,"500.6000000000001",633,762,1016,"1190.5999999999995"
678,2383921,2383921,243,838,959,1251,"1504.1999999999987"
679,2383927,2383927,"632.0000000000001",746,1086,1307,"1563.3999999999983"
680,2383943,2383943,"390.40000000000015",1006,1149,1259,"1473.599999999999"
681,2383944,2383944,"531.6000000000001",710,813,1008,"1270.7999999999995"
682,2383945,2383945,"927.6000000000001",1089,1304,1461,"1564.7999999999997"
683,2383949,2383949,"1208.2000000000003",1388,1433,1815,"2082.5999999999985"
684,2383961,2383961,"954.2",1336,1510,1613,"1781.7999999999995"
685,2383968,2383968,"1528.8000000000002",1758,1873,2030,3258
686,2383969,2383969,"713.2",891,1011,1202,"1413.3999999999996"
687,2383970,2383970,"885.4000000000001",1044,1125,1343,1488
688,2383971,2383971,880,1105,1337,1460,"1685.3999999999987"
689,2383972,2383972,"1311.8",1424,1856,2018,"2456.7999999999993"
690,2383993,2383993,1766,2281,2536,2709,"3280.3999999999983"
691,2383994,2383994,"911.6",1100,1188,1459,"1977.3999999999994"
692,2383995,2383995,"824.8000000000002",963,1222,1380,"1635.7999999999997"
693,2383996,2383996,"1183.6000000000001",1307,1377,1675,"1937.8"
694,2384017,2384017,"1206.6000000000001",1471,1646,1759,2371
695,2384018,2384018,"1256.8000000000002",1384,1545,1745,"1902.5999999999997"
696,2384019,2384019,1980,2089,2187,2550,18864
697,2384020,2384020,469,1106,1367,2063,4063
698,2384038,2384038,"1409.4",1595,2107,2228,"2613.5999999999995"
699,2384042,2384042,"710.0000000000001",931,1287,1530,"1732.1999999999998"
700,2384043,2384043,"791.8000000000001",1007,1477,1873,2386
701,2384044,2384044,"808.6000000000001",961,1080,1226,"1464.3999999999999"
702,2384045,2384045,"1429.8000000000002",1570,1818,2011,"2551.1999999999935"
703,2384055,2384055,1071,1461,1729,1981,"2114.3999999999987"
704,2384067,2384067,"1436.2000000000003",1740,2013,2138,"2384.3999999999996"
705,2384068,2384068,"758.8000000000002",902,1272,1373,"1411.6"
706,2384069,2384069,958,1445,1595,1851,"2144.5999999999995"
707,2384072,2384072,"328.4000000000001",934,1043,1479,"2005.199999999998"
708,2384111,2384111,1169,1689,1806,2103,"2263.599999999999"
709,2384112,2384112,470,913,1192,1408,"1547.9999999999993"
710,2384113,2384113,"564.0000000000001",729,863,1105,"1321.199999999999"
711,2384114,2384114,"483.0000000000001",694,764,875,"1132.1999999999996"
712,2384115,2384115,"1257.0000000000002",1410,1920,2105,"2216.2"
713,2384128,2384128,"938.4000000000001",1157,1329,1391,"1813.599999999998"
714,2384137,2384137,"851.6",982,1076,1314,"1514.5999999999985"
715,2384138,2384138,"769.2",884,1040,1240,"1453.3999999999994"
716,2384139,2384139,"1026.6000000000001",1203,1291,1565,2950
717,2384160,2384160,"1012.2000000000002",1142,1240,1406,"1612.1999999999987"
718,2384161,2384161,"1019.0000000000001",1217,1277,1505,"1647.6"
719,2384162,2384162,787,913,1328,1481,"1625.1999999999996"
720,2384169,2384169,822,1247,1599,1702,"1918.3999999999983"
721,2384181,2384181,"1196.2",1388,1583,1692,"1846.9999999999984"
722,2384185,2384185,944,1462,1578,1927,2144
723,2384186,2384186,"1077.2",1221,1652,1719,"1805.3999999999999"
724,2384187,2384187,1065,1418,1688,1839,"2329.5999999999954"
725,2384208,2384208,"855.6000000000001",1056,1174,1408,"1571.3999999999983"
726,2384209,2384209,"506.9000000000001","679.5","945.5",1011,"3784.6999999998593"
727,2384210,2384210,"1229.2000000000003","1473.5","1708.5","1944.5","3566.6999999999443"
728,2384211,2384211,281,758,1118,1239,"2083.999999999991"
729,2384212,2384212,"797.6000000000001",1078,1306,1565,"2110.2000000000003"
730,2384223,2384223,"941.2",1119,1329,1492,"1924.3999999999996"
731,2384234,2384234,"579.7","743.5","905.5",1114,"3608.2999999998783"
732,2384235,2384235,"1074.2","1202.5",1330,"1598.5","2313.1999999999825"
733,2384239,2384239,"680.0000000000001",871,1214,1334,"1686.1999999999982"
734,2384250,2384250,1636,1765,2173,2287,2943
735,2384258,2384258,1001,1448,1853,2049,"2254.399999999999"
736,2384259,2384259,"1223.6",1403,1583,1900,2860
737,2384260,2384260,"521.4000000000001",724,802,1097,"1304.5999999999995"
738,2384261,2384261,1105,1257,1667,1786,"2139.5999999999985"
739,2384262,2384262,1138,1398,1529,1720,1891
740,2384283,2384283,"1465.2",1649,1773,1838,"2069.9999999999995"
741,2384284,2384284,5,946,1176,1379,"1495.9999999999998"
742,2384285,2384285,"1615.2",1778,2178,2207,"2324.3999999999996"
743,2384286,2384286,"919.6",1116,1479,1531,"1790.599999999999"
744,2384287,2384287,"959.0000000000001",1153,1592,1790,1854
745,2384308,2384308,"1030.0000000000002",1138,1508,1702,"1896.3999999999983"
746,2384309,2384309,1506,1595,1752,53169,53576
747,2384310,2384310,447,870,1042,7353,7739
748,2384311,2384311,"1177.8000000000002",1430,1574,1888,"2087.5999999999995"
749,2384326,2384326,"1442.6000000000001",1633,1961,2166,"2499.5999999999995"
750,2384333,2384333,"1347.2",1936,2017,2237,2284
751,2384334,2384334,"793.2000000000002",892,1322,1466,"1824.599999999998"
752,2384335,2384335,"1223.2000000000003",1445,1562,1793,"2043.3999999999999"
753,2384336,2384336,"794.6",1053,1169,1348,"1570.7999999999977"
754,2384345,2384345,1074,1330,1374,1587,"1711.7999999999997"
755,2384355,2384355,"1371.6",1629,1849,1940,2015
756,2384359,2384359,"576.8000000000001",748,1030,1218,"1679.1999999999987"
757,2384360,2384360,2,644,746,956,"1300.7999999999993"
758,2384361,2384361,528,1017,1100,1429,"1695.7999999999984"
759,2384362,2384362,"1057.0000000000002",1226,1391,1493,"1638.7999999999997"
760,2384363,2384363,"400.0000000000001",981,1051,1241,"1460.1999999999994"
761,2384364,2384364,2411,2924,3370,3535,4248
762,2384385,2384385,"1358.2",1483,1618,1910,"2254.9999999999964"
763,2384386,2384386,"1343.4",1478,1678,1817,"2027.3999999999996"
764,2384407,2384407,"847.2000000000002",1024,1093,1479,"1783.599999999998"
765,2384428,2384428,"1307.6000000000001",1485,1881,1941,"2194.3999999999996"
766,2384429,2384429,"1311.2",1578,1761,2018,"2427.399999999999"
767,2384441,2384441,1279,1432,1612,1784,"2177.3999999999996"
768,2384451,2384451,"557.4000000000001",738,922,1080,"1591.9999999999968"
769,2384452,2384452,"1254.4",1413,1503,1548,"1782.5999999999995"
770,2384453,2384453,985,1426,1540,1992,"2180.5999999999976"
771,2384454,2384454,"1215.4",1450,1526,1809,"1935.9999999999986"
772,2384475,2384475,"861.2",985,1102,1325,1405
773,2384476,2384476,"1141.0000000000002",1297,1610,1769,"2002.7999999999988"
774,2384477,2384477,"652.6",896,1017,1271,1465
775,2384498,2384498,"911.2",1032,1268,1543,"2427.9999999999927"
776,2384499,2384499,"944.0000000000001",1099,1519,1652,"1751.2"
777,2384500,2384500,1055,1372,1702,1844,"1950.5999999999992"
778,2384521,2384521,1338,1448,1556,1810,21205
779,2384522,2384522,462,1411,1828,1978,8475
780,2384523,2384523,"770.4000000000001",924,1285,1366,1617
781,2384524,2384524,"1406.2000000000003",1611,1678,2010,"2134.9999999999995"
782,2384545,2384545,"1163.2000000000003",1447,1766,1971,"2071.3999999999996"
783,2384546,2384546,501,935,1315,1499,"1636.599999999999"
784,2384554,2384554,"1562.6",1718,1899,2046,"2553.9999999999964"
785,2384568,2384568,"4.600000000000001",839,996,1079,"1552.5999999999985"
786,2384569,2384569,2185,2366,2596,2848,"3373.399999999998"
787,2384570,2384570,"1376.6000000000001",1546,1968,2058,"2198.2"
788,2384571,2384571,"538.0000000000001",832,953,1228,"1661.3999999999992"
789,2384592,2384592,"725.8000000000002",822,948,1223,"1331.6"
790,2384593,2384593,1148,1323,1481,1632,"1805.8"
791,2384614,2384614,"614.8000000000001",780,945,1060,"1892.999999999986"
792,2384615,2384615,1000,1421,1743,2030,"2255.199999999999"
793,2384616,2384616,808,1263,1617,1759,"1929.999999999999"
794,2384617,2384617,"1050.8000000000002",1210,1260,1333,"1734.7999999999997"
795,2384618,2384618,770,1273,1591,1774,"2187.7999999999997"
796,2384619,2384619,"1166.8000000000002",1307,1663,1928,"2305.5999999999985"
797,2384621,2384621,"889.0000000000001",1016,1109,1187,"1773.1999999999998"
798,2384641,2384641,284,822,1104,1510,8477
799,2384642,2384642,881,1028,1226,1564,4762
800,2384643,2384643,"953.6000000000001",1184,"1497.5",1680,"3468.699999999918"
801,2384644,2384644,"892.0000000000001",1011,1532,1644,"1866.8"
802,2384648,2384648,"1122.8000000000002",1284,1400,1539,"1711.799999999999"
803,2384666,2384666,1143,1460,1722,1878,"2127.399999999999"
804,2384667,2384667,"807.6",1020,1178,1284,"1439.5999999999988"
805,2384670,2384670,"876.0000000000001",1041,1152,1428,"1583.3999999999999"
806,2384680,2384680,"1024.4",1241,1376,1489,"1593.5999999999997"
