BlockNumber,BlockHash,TxNumber,Timestamp,Date
0,00000042dc598646254b0937b8cf924d2e8d38f8d33d5f82ca6231f6d27c4c6a,1,1615889494,2021-03-16 10:11:34.000
1,000000de1d627d9000a34559a77de83b163df79a52b197c567f6e87137542c01,1,1615889509,2021-03-16 10:11:49.000
2,0000000fb710caacdd28297f1ccbf451669ff8251fd2037d19bd8bc4874e15ea,1,1615889523,2021-03-16 10:12:03.000
3,00000035b372654a77bfd5d963c5590ab4b63bd5c5812c73aa27dfd630566583,3,1615889570,2021-03-16 10:12:50.000
4,000000a3da3c6585458530c67c77d2590982419ae3ce95c01a63e9dabd5322d2,1,1615889649,2021-03-16 10:14:09.000
5,000000b578114eb79cbf4a42e6f49db98bb44c628efe0d82e4d571c943090e92,1,1615889729,2021-03-16 10:15:29.000
6,0000002ba92c6e36b76f6a5ec796d00b8af2848a388dffe08c7a6426108d07d6,1,1615889773,2021-03-16 10:16:13.000
7,000000cc1a2c5f68d167b643354dbd2b326e03afc08cfdc67f3b40d66050ee62,1,1615889840,2021-03-16 10:17:20.000
8,0000004b80e1066a32735bbd6a4787e8dc99fee5d099f81fab4253ddeacffbcd,1,1615889892,2021-03-16 10:18:12.000
9,000000f1dc4aeedf74c5d4e8989ac4d0867de03f8a9fcfba8c1df1de86ee02d5,1,1615889940,2021-03-16 10:19:00.000
10,00000087480f856af750c8c638e6746527f80bbf8085d4138da405446b59594e,1,1615889983,2021-03-16 10:19:43.000
11,0000003725a0eda9011e54e99eb50725cbcd1cd184329a4fdf58f830fdbfcb70,1,1615890076,2021-03-16 10:21:16.000
12,0000003dde46ef58012586cd9ab86a63509b738732592696d996aabb61dc2025,1,1615890142,2021-03-16 10:22:22.000
13,0000000deb9b2037f11b92c7a0484175526afc0f0d0bb40cecdabf3c9e33c134,11,1615890222,2021-03-16 10:23:42.000
14,00000015ca217322d1d17b9fcbf9bf775bcc239f7d68636adcd3ef172737c82b,1,1615890241,2021-03-16 10:24:01.000
15,00000041a8865e9da29cc05abe2b54f8065998df23ab1f3d54e2ad8d615d82d1,1,1615890301,2021-03-16 10:25:01.000
16,00000058059ffc140394a11049d553dbd8d67e3cc4812bd9bc79284241d842c4,1,1615890357,2021-03-16 10:25:57.000
17,000000b02b76c2a2d990916630dbd9cd94188436e81d81b06b2f0e63af8a06c0,1,1615890417,2021-03-16 10:26:57.000
18,0000002c4cd2d0a48dbfcf673210d9464b5356d491ef9fba067cb63beb13b7d8,6,1615890511,2021-03-16 10:28:31.000
19,000000c3dd2c5cb6c91ca9737bc2dd7e7b97c29a029648a32a7f7f4c4862e56c,52,1615890557,2021-03-16 10:29:17.000
20,000000bddea59680d1e5ad1b0baaae083ba6c396253f9b6d667e98e6d1ccfcda,397,1615890643,2021-03-16 10:30:43.000
21,0000005e00859248c322ddbf847e9a3a08d3c80998b56b456bb0d3861aac8f43,69,1615890703,2021-03-16 10:31:43.000
22,0000007a7998f94c401e35cde9f4c91560c4439ef1b1fd15969cd44c16a662ee,126,1615890735,2021-03-16 10:32:15.000
23,0000009d2ca7fd67898a230fa311c719b24b8f7ba8f7d667657ee4a66c0fee19,2291,1615890825,2021-03-16 10:33:45.000
24,000000ad503c751b5e7db621ef528ee2d9de8378298ad310ea7588f50781986e,101,1615890871,2021-03-16 10:34:31.000
25,0000002f482f0039e22eebec314f39f40b33f9207e5d235eb468cead422424f3,1553,1615890920,2021-03-16 10:35:20.000
26,00000020c929d580c3ea9a736a27beeba064d4619eb7a52267f9f59acbc4b6e4,2929,1615890991,2021-03-16 10:36:31.000
27,00000079c773505be116137c685a7b65f75b5203f0441241fb4a678b36735ace,736,1615891042,2021-03-16 10:37:22.000
28,0000006c3b1bcf04744f19f81a890fe1103b291ce491e4916a73849152830944,8381,1615891140,2021-03-16 10:39:00.000
29,0000007a1dc3bfcef0d4e705ada20a0bd3e014b6bdadaec56342277acb408894,2456,1615891177,2021-03-16 10:39:37.000
30,000000857b07ae9732dd227b1cdc73929387753331d188985b3c6b2925ae5422,2431,1615891219,2021-03-16 10:40:19.000
31,0000009f95ea2be7c256d9a5a9485cef1c222a430608838455cd42ce57741b9f,8459,1615891293,2021-03-16 10:41:33.000
32,0000005de57c4b114c54d1f6021ba58ccaabeaeda2ef3d0d3679ff44413de9b1,1199,1615891310,2021-03-16 10:41:50.000
33,0000007c7137c711f46496f2f5230362f6bf640e67cd26974b09ec7e61f771cf,19192,1615891433,2021-03-16 10:43:53.000
34,0000005ae87ee8fd35cdd2fa4f8328c6f23d281bbb15e66353543b230d65bb01,835,1615891457,2021-03-16 10:44:17.000
35,00000029b65ca741503b0d35c946b3c597c9f0da02de426e57c78f6d522cb1fc,29945,1615891564,2021-03-16 10:46:04.000
36,000000c2f13d94b04bc219672f25c3835d7f8b42817d764f6bbda30c9c214c59,3400,1615891608,2021-03-16 10:46:48.000
37,0000002423f0ea0c8bcbbd0c71d825aae950546717bb7a75aa476604649d0f73,18231,1615891642,2021-03-16 10:47:22.000
38,00000066b0a454d9b53a9db1678452e26570405474d6d2d169b2fbfe9d851c8d,26658,1615891712,2021-03-16 10:48:32.000
39,00000076bac1e50f62276edc2f483254e8ed55ad02fa1d1037b90d9d7178c138,2126,1615891760,2021-03-16 10:49:20.000
40,00000070aedf799181abc2d3338a5159281603a37e0da3411652b39c6971151d,33615,1615891862,2021-03-16 10:51:02.000
41,0000004fe030399dea546db8eb789a612fe2b1776f057b9d929b09784c5d4a15,33616,1615891912,2021-03-16 10:51:52.000
42,00000068bd9192d9a7ff8aa02c09b7679a2833299156b407fb840778743f2bd9,33615,1615891978,2021-03-16 10:52:58.000
43,000000d9406205cdbdcc2b91215fd091780c78374fdba79eab962b4bde27fcb2,33615,1615892020,2021-03-16 10:53:40.000
44,000000f244b01a82806ff3841fc19eeabcc0b2a6b1d570d410db514270bcf151,28852,1615892087,2021-03-16 10:54:47.000
45,00000046576ede5f1b047c38c43faafc25d9df9492f31d406849d03f8a29ab8b,5960,1615892123,2021-03-16 10:55:23.000
46,00000084d79aacce7bf8d1eed3b0526561b72f9447c37f35f3f8b9580a0f53c8,33615,1615892190,2021-03-16 10:56:30.000
47,000000b55ccc3d1559b160ced3f7528f943aca7a214cc7dc91f26a7a0f656944,33615,1615892278,2021-03-16 10:57:58.000
48,000000e1ede5de4751271dce85a89411dce9799dc4c53c543743ba4a840a14ce,33615,1615892309,2021-03-16 10:58:29.000
49,000000f71771ab59f9cf76f95fe210276c772d9e65cb9f28b8483bdc2593f9f6,3542,1615892359,2021-03-16 10:59:19.000
50,0000000d48370e0d5f56e418b48a78628529278b87562d52b4518a2028a19545,28185,1615892447,2021-03-16 11:00:47.000
51,000000268f54811cf07808e98ecf9007b266975be13924f5758ce2bc8599e1da,15940,1615892507,2021-03-16 11:01:47.000
52,000000bd07435e2a4cd91d85139344022818264e8955cc7fb4053d49f1994601,12617,1615892580,2021-03-16 11:03:00.000
53,000000950adf2fc7b84418bef9fc025f2cd3c0cbc7df983a5f90979f8231d363,10866,1615892635,2021-03-16 11:03:55.000
54,0000001ac9f372da35ab5ea49521c435a9e073644cdc63a58603a782ef2ada52,8902,1615892674,2021-03-16 11:04:34.000
55,000000422fd53c8a2d3c05e01f74c6fa32aad4c1da2d66ff1fc63eeb5e01c75a,1,1615892720,2021-03-16 11:05:20.000
56,000000e28911c7623c1032b67fc3a7292e0d46ec8f5c8c11db760d6bca85548a,27882,1615892805,2021-03-16 11:06:45.000
57,000000fbfcafedd9c21f21feffcd65a363ae23939b9c448b6b6067d4021ab783,4037,1615892842,2021-03-16 11:07:22.000
58,0000002a92774c5e334adca67d239789ad3896b70d266c4a6a2a81d7ffc0cda4,33615,1615892925,2021-03-16 11:08:45.000
59,000000a2f6c3629db01f04e349db5f634034c30c432e33db89183d6f0ed502d3,30631,1615893029,2021-03-16 11:10:29.000
60,00000069061d0a719bc7bfcab8248c4f8d5516b279bbb30f0de3bfdc7a7611a1,3251,1615893060,2021-03-16 11:11:00.000
61,00000082732ec0da6c15399e5cf0f8ebf6d26279baa7751a144dd2b489fcbf86,5573,1615893099,2021-03-16 11:11:39.000
62,00000032f27fc193be4d968b650d962cabf7c0d5eb984ac989c85d269857b0ed,3075,1615893167,2021-03-16 11:12:47.000
63,000000ccfb45ba2637651fefd6053bbc760b2ceeee6ee2959c742af3b816baad,5918,1615893217,2021-03-16 11:13:37.000
64,000000d564ec8e902720b3fe7b7cbcd5dd4d4b799b52b591403a36418dbb34ce,6,1615893279,2021-03-16 11:14:39.000
65,000000a3ead215ae1cd72b1336515ac1267221a941c27c967d025c567302bbf1,1,1615893332,2021-03-16 11:15:32.000
66,000000ca61c3912de11598b9b0ed50d9904550dc6d3021e2a3d2b4cc3eece186,6,1615893438,2021-03-16 11:17:18.000
67,0000002c606e524b96e711e87e5b55d0ad5252734cd668ca5332447c069818d2,8,1615893500,2021-03-16 11:18:20.000
68,0000001b094a7f88a426239128364734e629546291c8a7575a080189757560c9,4,1615893534,2021-03-16 11:18:54.000
69,0000009023fe7898fc5369d7ce53b3df4e99c0f73bd4ed6080dd7b5416b1333d,1,1615893591,2021-03-16 11:19:51.000
70,000000512a91a3452c296053b57cc33489e32a2a61c985d8883c9426d98b8fa6,6,1615893691,2021-03-16 11:21:31.000
71,0000008871898107c826f2c851f4289800c63a4b711f5efa830524603f0c6050,4,1615893754,2021-03-16 11:22:34.000
72,00000019bf7ffae41c3de5acbe3ffd0379223f3b717b3464ea91acf8746bb3cc,8,1615893804,2021-03-16 11:23:24.000
73,000000ef390e6b01b8a7dd6cead765454b041d3951300935869c0324f1315162,1,1615893852,2021-03-16 11:24:12.000
74,000000308ceb8848dabe7b9ebb06513b3c1935d29232eb3507e55b2049e1f32f,4,1615893902,2021-03-16 11:25:02.000
75,000000b66fb761c44903346bc640eef144d13d94aad39c7e7b00d210269caea0,8,1615893982,2021-03-16 11:26:22.000
76,000000dd05e81fa745575ace7b3368d59787a194aa84b3c11be3d45d93d56805,6,1615894033,2021-03-16 11:27:13.000
77,000000547a248b03b52144e16dc083581aae09ee62eaf5abe8932fa4ad8b8fe0,3,1615894102,2021-03-16 11:28:22.000
78,0000004e0de5e3f52c25ff2659482c7d254e25415b48e3cb81c26583ce291514,3,1615894153,2021-03-16 11:29:13.000
79,00000056a7f1bfd8a27a8fc42b5584f44dd73d2df8824b96a6337afe7b415037,7,1615894214,2021-03-16 11:30:14.000
80,000000b2d1a2d2bb757a7d9928f23386040ceaab6320715af8ce78b89d38e448,6,1615894274,2021-03-16 11:31:14.000
81,000000612d0d010942681188f314db4b7bd932e9756785743d0e4c1d7b0eafef,6,1615894333,2021-03-16 11:32:13.000
82,000000152fd7184b158fc68f2b73815e62359170e77207f97a8fb5768624124b,4,1615894395,2021-03-16 11:33:15.000
83,0000007395e98115a24b0b1cc25dc3e9413594ca4c7189b3c9b9a0fc66d81e3b,8,1615894476,2021-03-16 11:34:36.000
84,000000c492509db7bd486a1150c6c997a98c38d86667dcb9fa2962f7f5ae331e,3,1615894522,2021-03-16 11:35:22.000
85,000000939a9c80de6b3e5c4f5503f10c2d0b23a96e9623c67487f3b063352b0c,7,1615894586,2021-03-16 11:36:26.000
86,000000e54558b0022423486652e7318337d3558ac6d113cba8fb9f87c354d56a,8,1615894694,2021-03-16 11:38:14.000
87,000000b329b835d562a7fc2cc4a702cca5d1eb808923c5673dee3b64943d6137,6,1615894720,2021-03-16 11:38:40.000
88,000000e037ff3bffd931eb366df0375f0833141c8aceb35f117fddcdbfe9897e,6,1615894783,2021-03-16 11:39:43.000
89,000000d82195a8ed96c2df1ba5c0163451ab71fa64c2e966a046e8d02fbce546,1,1615894832,2021-03-16 11:40:32.000
90,000000b3e2e4eb3b52483f953dfea205550da30784b0d57bb17195d09fa42dfb,6,1615894846,2021-03-16 11:40:46.000
91,0000008efb798e66e3e224859e046dff8fa85bd283c35f4e2bf4570c77276107,6,1615894941,2021-03-16 11:42:21.000
92,000000633f020ac49aab25007de7e89805c57bd3d7cf4b63b7d2c25e4482c974,6,1615894994,2021-03-16 11:43:14.000
93,0000006f704ad5d12e5177629a09f7c59b90caf1239f5facf0d89d8914b9f4ec,6,1615895059,2021-03-16 11:44:19.000
94,000000250a48cfd7eff5f5d7d2d38e55d0838e599260c37a7bd4e678ad07f41f,11,1615895162,2021-03-16 11:46:02.000
95,0000007b4bcf6e940759ed432d1a2403fbeb938a97936a6f1a577311d509d4d9,1,1615895209,2021-03-16 11:46:49.000
96,000000c7bc60b70cb03f7cd04fef95b96c96338dfcea3362d04886d023e82472,6,1615895265,2021-03-16 11:47:45.000
97,000000abb2147d8af82088fac782fcb40e57d14150c39190f10e117aa3a73af9,5,1615895271,2021-03-16 11:47:51.000
98,000000bcaeff9fa761814a45d3e36da09b8b1b1bd2bba302b2703e9f97b5d34a,7,1615895361,2021-03-16 11:49:21.000
99,000000abc12245c8e7f3bccfb862c5442b3eddaa0f037e86d8ebe9315c9fc391,6,1615895446,2021-03-16 11:50:46.000
100,0000009c2c45ce6cb1b707225549f7d44a4b46b7a2f1eebc81792eb76699a4c7,6,1615895463,2021-03-16 11:51:03.000
101,0000002ebf323b13a05df848429b8bd068706783cf9dd7ed0a138579f1401767,6,1615895560,2021-03-16 11:52:40.000
102,0000001bce76997e7812b9ab864535a7235142fcf09df0523074c32fa7c1ecf0,6,1615895603,2021-03-16 11:53:23.000
103,000000998915cc75750b08a88cbb0b5e11647a81dd02200d1a52e389737b6fe3,6,1615895657,2021-03-16 11:54:17.000
104,000000d3453bf1a16eea300b855ecc56a3d9c30fbbce13d026acba4ba392610f,6,1615895761,2021-03-16 11:56:01.000
105,000000f925639b732068d7749ad5663b480d8c7e1d9ee6a8e1945a3bfc53ba1d,6,1615895788,2021-03-16 11:56:28.000
106,0000003a238f04b1d178b1eff39e95841fe6f04b33aa42f418e1997a94cda768,6,1615895862,2021-03-16 11:57:42.000
107,000000c38c5a2cf1514f8308db7178cab2b13d944e9dd0763006f107075b23cf,6,1615895906,2021-03-16 11:58:26.000
108,0000000d77b0d5ef771165d0268ceb2ded6c98426876c71d0b819bb94424429a,6,1615895959,2021-03-16 11:59:19.000
109,000000d19b35710a8ef02f3adeb6c20f01b3ec8f417bcddd954eae88f37f9b86,1,1615896007,2021-03-16 12:00:07.000
110,000000e6e48db9c6dda6483cffa3d5aeb11766ab91e638955e478e9f72029e95,7,1615896079,2021-03-16 12:01:19.000
111,0000007f5bc13d70ea0c19da83fd1257c89541e25dbea1bc5a060c72e1bd20f0,5,1615896139,2021-03-16 12:02:19.000
112,0000000a5f7173ba91e45ab64d0a144c2098bdd06da7d9ce774ce19f8f26698e,6,1615896202,2021-03-16 12:03:22.000
113,0000006aeb225dcfb1ca3f4aff5d57baafeb2bada7f4883ca20e628c194d95e1,6,1615896265,2021-03-16 12:04:25.000
114,000000d52205aec77b3f8b6e411239661a6a4f800b94cce4a4b31132663d85c6,11,1615896359,2021-03-16 12:05:59.000
115,0000004016bcc6a9f0f7b66acb7f21447b495132f5144614aba863858a2b5fa4,1,1615896378,2021-03-16 12:06:18.000
116,000000c30e0130d93d1363514fb26711904322280eb8e056f60dcbaecc623646,6,1615896443,2021-03-16 12:07:23.000
117,0000006287684f7dd8377efa2ae130e161854a475ebaf8ddd2e542bf5f3ff302,6,1615896514,2021-03-16 12:08:34.000
118,000000e40ffaaa3799cc31fcf0b5792ebf4299168a3301affc71e1b9cc461a39,6,1615896572,2021-03-16 12:09:32.000
119,000000c4f3120531d816ce78d2ea6ab5e795288e8c4a6997a4f56395a07418af,6,1615896620,2021-03-16 12:10:20.000
120,00000046af416eed87826492a076deb6b356d94315ec61f76b3341ef4ef09de9,6,1615896699,2021-03-16 12:11:39.000
121,000000e6c05af7ee48e032734ad7113fea65edbf28e9c6348b078cb6d2668cc5,6,1615896741,2021-03-16 12:12:21.000
122,000000fb2f43de57dc6c32028fa6b8c8eeeed67a0c0965e02bb779a78dc37682,6,1615896786,2021-03-16 12:13:06.000
123,000000d0e2ef9dbd955795960102ae9a63db30c2f582d0ac5318e025d6d03b32,6,1615896868,2021-03-16 12:14:28.000
124,000000c74afb95cc717ce8bdd7c3d7cfc8f54b1b52288d9e4182537fdfa187fd,6,1615896947,2021-03-16 12:15:47.000
125,000000350f6bbea87f74bae461f1414d8b3237bfe655d7c207ed3a910e919fcb,6,1615896984,2021-03-16 12:16:24.000
126,000000deae80462d4e735f4ff9c6ef40175e248725ed8c9c3623356a879738f8,6,1615897042,2021-03-16 12:17:22.000
127,00000058d58db6381f12e47d2645bd9e7bc50591d1ecfdf931ec34b3f84af8d1,6,1615897137,2021-03-16 12:18:57.000
128,00000081fa17061955f77b6e67c66e8ffe62e56c485caf42505b951aa53f4b8d,6,1615897168,2021-03-16 12:19:28.000
129,000000100aa775eed35de483ad781cc836e088300f275887dbfa7c4a3628d9f8,6,1615897242,2021-03-16 12:20:42.000
130,0000001fee86b297d8360291e3f25be438dcabe5743d8f1de09bfdb35c6cd47b,6,1615897281,2021-03-16 12:21:21.000
131,000000fd858acd1be1ced35b5c5c8f289e9769399c1fd5a84328a4b1e57aacf7,6,1615897376,2021-03-16 12:22:56.000
132,00000078937998e63fa1475571986a3acfc388f0e13f04cfefff242f7efc447a,6,1615897446,2021-03-16 12:24:06.000
133,000000a12007651fa74ce5b2ed89640ec0583c4b4a3fa2e2641c9a654bfd9869,6,1615897483,2021-03-16 12:24:43.000
134,0000007eba96616c9251b9924b4a4722ef57aa77bcb283bb4993d75444e65c80,6,1615897520,2021-03-16 12:25:20.000
135,000000ec5109ad4faf7a0d1acef4793b2fa1ff231df1a9e55db132f60086e1bf,6,1615897601,2021-03-16 12:26:41.000
136,0000003293bc41165fd1876148508119a1ad3e82d4c8a95501ac80a090d32a48,6,1615897666,2021-03-16 12:27:46.000
137,0000000aa2ed27307a3fd94d36ade6b17877370449aa0f83dcf97942f754edf4,6,1615897719,2021-03-16 12:28:39.000
138,0000001d2e1398338b0be072a30c214b1c2c305169d16c73a96f5fe517fc0fd8,6,1615897811,2021-03-16 12:30:11.000
139,000000780cf26b6bf01f53f5c32a6be4f71f3018219e52cd1a6fcc91087931dc,6,1615897847,2021-03-16 12:30:47.000
140,000000907e47db3c00160eba7a7f17094d32e65973d8e8b8f8d5ff05d4362c61,1,1615897894,2021-03-16 12:31:34.000
141,0000009add66c18d3f08bfc0379b1efc691f3f43d26ccb6b3f6f853576ad36b3,6,1615897952,2021-03-16 12:32:32.000
142,000000220640cd4af2b4617239cd9a7873d39dd5762a59eafdffe96a509371ab,11,1615898019,2021-03-16 12:33:39.000
143,000000761263a9cff03710e80286032007af1809b61f0d94d02ab3ee32abdf6b,6,1615898093,2021-03-16 12:34:53.000
144,00000008eb7b67ac80b9a8721978303ecc0e312417200e8a5e2d0780879a9f0f,6,1615898149,2021-03-16 12:35:49.000
145,000000e1a1f072968e8789005da621376d091100bc6b3e673e79886b48ffd73d,1,1615898181,2021-03-16 12:36:21.000
146,000000b638ad1155d63dfb01b1cb3047286b8a9f61c3c77824f1adbf74524cfb,6,1615898243,2021-03-16 12:37:23.000
147,000000bba994130bbc23da717f1d0c445eb48c19452f45e6070748a946d9a7c7,11,1615898332,2021-03-16 12:38:52.000
148,00000015c7c6aa9e8d1598d82f0f9a59cbb5514ca3cbee5c6c1f3a208e09dbbc,1,1615898373,2021-03-16 12:39:33.000
149,000000660dfda27337912a7157c7f91d88449eba492c6dc21f4212520e54bfcd,6,1615898444,2021-03-16 12:40:44.000
150,000000816e2a727787b10298122187f410c2807056934699d076d01391995f32,6,1615898521,2021-03-16 12:42:01.000
151,0000000616c9cfe9c2ecffc2cbad89a7927467bbe0865a65bc42c23e4d22dfcb,6,1615898549,2021-03-16 12:42:29.000
152,00000049fc165d60bc0bb26a1f60dd05742ebcc53d873344850d2927e2408e11,1,1615898592,2021-03-16 12:43:12.000
153,0000003d3575e09b0ce5d8bebbead37da8a305550779a0bc46f801f60d2c6a0b,14,1615898699,2021-03-16 12:44:59.000
154,00000020d970fde248706824d98f754f23d537dada915ac4a836ac8eed6127d3,3,1615898725,2021-03-16 12:45:25.000
155,000000a91b611bb0bdc7330a21bf3f15d4b89ab9e54c27cfc7f1c38007746c97,6,1615898801,2021-03-16 12:46:41.000
156,00000023a29b549484af70481094844b48474cfb3c43cef25367ced00a1013b5,6,1615898879,2021-03-16 12:47:59.000
157,00000017a2e7219ba0c53e5217238ecc9272b8e8088942ec12de534b8a2dae02,6,1615898927,2021-03-16 12:48:47.000
158,000000f27822d224252d30e1b8649d035b46b1eead18be1971334977a17eeaa8,6,1615898987,2021-03-16 12:49:47.000
159,000000fdd9c824f3ba6a96984cfeb31485913e9cbb9b09dade506c05efcf47db,6,1615899045,2021-03-16 12:50:45.000
160,000000bc4aa4428f45ae6eab0fce824fbced4905d78d3c595645c25afda122b4,6,1615899118,2021-03-16 12:51:58.000
161,000000e4ffcbef5fa0618fd58a84ed6352f36ba71b30bd6fafbd25eb384813cc,6,1615899189,2021-03-16 12:53:09.000
162,000000c5379007bde55ac49cc44a72324f9a482b9ff03210c380f944ce1cdd2d,6,1615899214,2021-03-16 12:53:34.000
163,000000ac1df2913ceca37f6c9432f52780152911a7dd74353d426d7d066bbe91,1,1615899215,2021-03-16 12:53:35.000
164,000000df7c9c6a8564176cec32b93cbf03e13cddc5158e494312e096701a8028,6,1615899296,2021-03-16 12:54:56.000
165,000000e6c0bab30fc48171f607625762338097fcf9329c94075b8fa675175b72,11,1615899400,2021-03-16 12:56:40.000
166,00000055cdfbfa472f0fc4826fcff6349cd39e7797c16119f75a7305d9b6df1a,6,1615899480,2021-03-16 12:58:00.000
167,0000007986f23e4c808d1a3480196d7522999ebcecc28404b63aa0e0fd3c0dd9,1,1615899520,2021-03-16 12:58:40.000
168,000000d2a3e135020acc158b08c191ada20c04e171d93cce681c52f284203cf5,11,1615899588,2021-03-16 12:59:48.000
169,000000f4834f742d271540153b4fc27f6f56bc19324d400e2c6a49eec7de158e,6,1615899672,2021-03-16 13:01:12.000
170,00000020a8c6aa8adbe84e4e458a7729d29d0e14b32ca8d8725e9469736a33b0,5,1615899697,2021-03-16 13:01:37.000
171,00000026fba6f6027f499dc3a545a565347cb86d32e93bc188f2caca9af0cf9d,2,1615899703,2021-03-16 13:01:43.000
172,000000b434e07dbd10336597bf5f11bd0557af1d2fff00997a23f01b28bf72a7,11,1615899829,2021-03-16 13:03:49.000
173,000000c093cbd70defb623180cfe0770aced8168111217958fc144bbbff2db73,1,1615899862,2021-03-16 13:04:22.000
174,00000062db92bf67559b8ff18168623fc0a81f42bcc8fbd29dffa557bce9dffb,6,1615899912,2021-03-16 13:05:12.000
175,0000006ed8533680c660a6467d4e4a212e932db9b708e91e8e249dcdf904cc08,6,1615900011,2021-03-16 13:06:51.000
176,000000a3c5843e497e74d8787ee55f6043287019e79ba854a07f9062e1a42f06,6,1615900042,2021-03-16 13:07:22.000
177,00000000a74c24a3fba4223d33705a5b10cc4ee0a3b739bbf64a910eb68aa168,6,1615900105,2021-03-16 13:08:25.000
178,000000f7e275d7202bd7e87983972258ec0b096019d845d0db54f1f240f89e5c,9,1615900196,2021-03-16 13:09:56.000
179,00000060d816b6321cd282ec11b5fcfb32520f3f40676683e8adcd6d6185118b,3,1615900219,2021-03-16 13:10:19.000
180,0000002efdfb3b8534d6eb1f11f793b0b82f153874e2df7d9e3e3b85ba5ee6e0,6,1615900287,2021-03-16 13:11:27.000
181,000000ab0224cde6ecb0fc7a62a6505397f6f8bc79b0a17a3c00d6861cf25b6d,6,1615900367,2021-03-16 13:12:47.000
182,000000575ae666ad34e1a3d219d4a0ef0282e9d2bdac70db4c0aa460c5bca635,6,1615900411,2021-03-16 13:13:31.000
183,000000cd7b4ef0e780c32beb431b2c1833725c0bd7d55e9edbbd6d09c2f318a5,6,1615900472,2021-03-16 13:14:32.000
184,0000005cf46172484befc728164f5b104ce71804d1d339560a323bc0e179d14e,6,1615900537,2021-03-16 13:15:37.000
185,000000982a6cb79a30d36452250845914cb6d0364d02de117067e68d59a69e4a,6,1615900589,2021-03-16 13:16:29.000
186,00000008e669f984471c69e31bcbd5e615060fc96119c537cd270129a57e3ae9,6,1615900681,2021-03-16 13:18:01.000
187,000000bdf51419eff96b1199c7e020b56433db6a672ae2527bace8869c6ec18d,6,1615900747,2021-03-16 13:19:07.000
188,000000b0e431517b275cdebc1877037b798693f9266b7012abe9f0ea64e02654,6,1615900797,2021-03-16 13:19:57.000
189,0000006ee5a1dd294bd72c7674a2b0f5b5a5db7353e25656f0862b18a2fa95a4,6,1615900849,2021-03-16 13:20:49.000
190,000000a7132908f9b91377d0fea364336059a6074f1265ba12fdbcedb517d686,6,1615900889,2021-03-16 13:21:29.000
191,0000004435b9dee915681a5fe8f7f73bf3c92570708054f6c21e693e4b9bbf09,6,1615900967,2021-03-16 13:22:47.000
192,0000007910e4d0d86ee5c88924255e9c0dd8e9ceefc650ed97ce6e5988941139,6,1615901014,2021-03-16 13:23:34.000
193,00000054ccf882f59db19ac89d55e752f8740e62f9b0dc0d15e32b805471904c,6,1615901074,2021-03-16 13:24:34.000
194,0000001a83f3f9fb94960d374a7af906e3c0ea25e1375a04b49c67151c3200cc,6,1615901137,2021-03-16 13:25:37.000
195,00000098ca9c767502e2b252449de2312b85548e2098546a71c236650f4b12c2,6,1615901199,2021-03-16 13:26:39.000
196,0000006bcc7105b9c9835179ecbcddd243dd3cff1cd02b530d41e90f317e4234,1,1615901250,2021-03-16 13:27:30.000
197,0000003d362cc0604b3ce67b7033ec268b7c7a2dd59f8a105bd87844d6eac783,11,1615901350,2021-03-16 13:29:10.000
198,0000006e3fc7367926b991c791f2b1a5dd0afbefc650d5944c414023175ae743,6,1615901389,2021-03-16 13:29:49.000
199,0000006af90871aca9b782f192db15d56eae15befdabce0e102e9957662fb497,1,1615901440,2021-03-16 13:30:40.000
200,000000a87596d1eafe0fdb097d5bd1c1be7d792c60de7b5a3ace787827aa9f1d,6,1615901502,2021-03-16 13:31:42.000
201,00000008e5e95f42492f3293aa8ca761ae375505ecf5e39984f31476dfbd55b9,6,1615901563,2021-03-16 13:32:43.000
202,000000f6c50f41014930891f9fc407b1e9f7afe01a94af9634d52d3906669657,6,1615901627,2021-03-16 13:33:47.000
203,000000b7e1564dd3b6ca99b72e3c4ebe98456afc66768ced1e32e5b17e75a829,6,1615901699,2021-03-16 13:34:59.000
204,0000002238db94eb36033d8d92e152463676e5244495a942a724d4d94dd5ec57,11,1615901772,2021-03-16 13:36:12.000
205,000000ba222b4e9e91db34ac2a51cd7f0747c0104ff9e55cacd01e98f9d772a6,1,1615901812,2021-03-16 13:36:52.000
206,000000513052cbc04e4dec6ac05d9beea02da2b7e41950c734c064c615ee6e4a,6,1615901874,2021-03-16 13:37:54.000
207,0000006f44e04a08ebdaaa717b151d838b74640733d9579bf311053c5961a7f4,6,1615901923,2021-03-16 13:38:43.000
208,0000007574168ede4393ffc750e42a643a3460325f72df820287c364e24b32a6,6,1615901971,2021-03-16 13:39:31.000
209,000000f6aac7f131afa3f1a1215cb87ef3acd7566094f3e7a2e97cb87572fa19,8,1615902083,2021-03-16 13:41:23.000
210,00000067f9881d6d1b7265b5a6d78b9cfa647e2b7c0869fcc25ab15f38a62bbd,4,1615902130,2021-03-16 13:42:10.000
211,0000003c8c803e676e01d8c887eda7a4304a083784aee73c621b62029b7540d2,6,1615902145,2021-03-16 13:42:25.000
212,000000f632b58158c97240556003b5debf7fab02f65e102099a59b9bbab696b4,6,1615902213,2021-03-16 13:43:33.000
213,000000ae8bfee9b0372f130e71ae27da593eddb32bf4b0a69ae71ab3fcd751fd,6,1615902294,2021-03-16 13:44:54.000
214,00000067b502ccee9d0816080d3e87f7ace451bb365e9ca0aa367fc0a42944a3,6,1615902369,2021-03-16 13:46:09.000
215,0000006232cf78c7b2ea0c93cf325c12eeab81b7eca38c37cbd121292d92e97c,6,1615902428,2021-03-16 13:47:08.000
216,000000fe9c0adc9d05b88115fe208517505ba20a367fb718356d793ed03f981e,6,1615902462,2021-03-16 13:47:42.000
217,0000008ee1905edf38fe747a797c7e6d91d5598beb6276ec449551ee77255d81,6,1615902520,2021-03-16 13:48:40.000
218,0000003a0b9a7ede6e73223b62d4073198dbca187f9586218718519a74c22d47,6,1615902593,2021-03-16 13:49:53.000
219,0000006b0423d45cabde33435aecaa90f8021fd71c7bbade0ba31cb89586dae8,6,1615902654,2021-03-16 13:50:54.000
220,0000002553d89748cba7b95950614d2037fcc4e6ef7c75449c4f2516a88bb6ba,6,1615902727,2021-03-16 13:52:07.000
221,000000b1548235e02440f2f9a8834532f5612581b02ea55a5b009963e470902e,6,1615902777,2021-03-16 13:52:57.000
222,0000003ed421ea8ced560fcf704c025190a26ef95ffc7c6e815a3f1a5f7f1f40,6,1615902822,2021-03-16 13:53:42.000
223,000000f6ab2db86c95d91900081c0f9f6dfdfdd55a95be02b34c7609097229c6,6,1615902893,2021-03-16 13:54:53.000
224,0000000e5c2c40708d5fc50d81baa92af95f7e36ac2468207726c21e811c2bbc,1,1615902944,2021-03-16 13:55:44.000
225,000000a828f8fb47e8a2821a78f4aef8ec670958dc1363f9146e097ca32353fa,11,1615903037,2021-03-16 13:57:17.000
226,000000fa3c7c2764e8759d10c1aaf9f889f906e44bcdb56610d7175e07ed6f75,6,1615903096,2021-03-16 13:58:16.000
227,000000924f8517ebeaa69559bfd7c6866c071848302513709032931b1315ab7f,6,1615903145,2021-03-16 13:59:05.000
228,000000c0f78539ddc14c4bdae2f1ecced2ed4d4955eb5eea3b8c801bb5ae77e5,1,1615903200,2021-03-16 14:00:00.000
229,000000bca4275d4182fc6cf1e7dc779bc239217e4c6a80d79c3886b0ffc76094,11,1615903264,2021-03-16 14:01:04.000
230,0000002b0454aee8e942858ed7e8a46fedb8abf10f10dcfb02f14f071967a0e2,6,1615903349,2021-03-16 14:02:29.000
231,000000e03a139be99d20e26174e41b6aaf8067c0834169753e63d3eae0ea0edc,6,1615903384,2021-03-16 14:03:04.000
232,0000005f9c806739eee0187d5c6227f52c90c379c80f237478f4b5147129a1b6,1,1615903453,2021-03-16 14:04:13.000
233,000000281d6899aa210bd7b1f0b0430c6388c4038f354159e9127038d238f1a0,6,1615903496,2021-03-16 14:04:56.000
234,000000793597f02fd94e0d66adb3519c6fb518372f36111b37d89bfb9bbe9fd4,11,1615903598,2021-03-16 14:06:38.000
235,0000007c7951d8c08c1211ea9561ca5b6d2ea2af53db4861b3134ff971e69e37,1,1615903613,2021-03-16 14:06:53.000
236,0000005c56c4287e40de22443fd9a609cf30ac858be91da3550b9b9fb6308de5,6,1615903697,2021-03-16 14:08:17.000
237,0000006541076d5522788ebdd850d857cdb3ae4ff74a1ed8bf529d89525f2746,6,1615903740,2021-03-16 14:09:00.000
238,000000ffe0a6df650cdc0553795232e482844c83624ab7297139d375b54843eb,6,1615903812,2021-03-16 14:10:12.000
239,0000007bf3c58b49efe4dddaf78f38a5acc7caa00ee51c9c32232644f3dd6195,6,1615903868,2021-03-16 14:11:08.000
240,0000001277a77277b5be8191b45d5e97994668e7ecabb033ceb249fce7823c95,6,1615903929,2021-03-16 14:12:09.000
241,0000009ba256994638cecbbe181d24f90c34aea7af7ef69c1f199e12160ac4d4,6,1615904002,2021-03-16 14:13:22.000
242,000000332bea8cfcc6911617435dc7094574f08445b1b716b47a674519ae2f90,6,1615904049,2021-03-16 14:14:09.000
243,00000040acf38921cf6f241073e480ccb340e0af54c1956bc1cc844412ed7511,11,1615904135,2021-03-16 14:15:35.000
244,000000f9a98ef70f7568976fec75584fb71ef8e00d5cde6b0a76e90d881812b1,1,1615904152,2021-03-16 14:15:52.000
245,000000b43c5440d3ee5ce926fcc8c2ef2a292ebfd75b4d69fe5a990845bdbeb1,6,1615904217,2021-03-16 14:16:57.000
246,0000001dd14f73f4e73d43839791951f87c83e8a4d11a206374d60350231fca1,6,1615904296,2021-03-16 14:18:16.000
247,00000030b222a4993e89fff31d1064d14e794135986a8d944756b7974be17175,1,1615904313,2021-03-16 14:18:33.000
248,000000f732db8b7fcebbb46245039151c3d861402bca239ceaac0938bb56a903,11,1615904421,2021-03-16 14:20:21.000
249,000000a4674c07966d5ac86f9deded6231e744bae8a272bcad457e72b4b6391a,6,1615904464,2021-03-16 14:21:04.000
250,00000084a19e46335297ef8e29ab1cb8e72d28067d281ae990598bf398b49195,6,1615904533,2021-03-16 14:22:13.000
251,000000d8b367ee7a4360f9f9a525e10893094e25a9dc097d12d4744c2bffab82,6,1615904593,2021-03-16 14:23:13.000
252,000000a7dd36ebe28585a8dd9c9e94902164a7aff4d9e5772d6b8415d2ea07bb,6,1615904650,2021-03-16 14:24:10.000
253,0000003fed1d3ecf80326e9926e03ee12b08fea0584d48a95bc851b3a28d2dcb,6,1615904730,2021-03-16 14:25:30.000
254,0000001824f1449e6f62d1624da76186a33326254d6f9a78982347d5528af899,6,1615904800,2021-03-16 14:26:40.000
255,0000000aa37859c6d17dc4a23f1bd6d732de14e4b422da01e7605efe39c751e6,6,1615904836,2021-03-16 14:27:16.000
256,000000cb0842c7d7d525ad673a233fa4079a5f369d3e88e38e06a18048418c7d,6,1615904894,2021-03-16 14:28:14.000
257,000000f520b4f8f09537e67904e42a875adf0e65a9fa502f5fd3d7ff86473eaa,1,1615904944,2021-03-16 14:29:04.000
258,0000003b84a67b7bf14524a45c3bef3bf8477e4ef3951b0550c3441306934601,11,1615905004,2021-03-16 14:30:04.000
259,000000c97cd2ad0d2262b620a40d23524c3b7784e380dbf162f7e095b3402482,6,1615905074,2021-03-16 14:31:14.000
260,00000070237fff5c20a99e43c2e5c7c0399df67730a819c3f4c840faeed9af3a,6,1615905179,2021-03-16 14:32:59.000
261,000000f57d8b3e16dbb4b5d5fa793a14349f9bd28a680e68d8f76b45df094685,6,1615905201,2021-03-16 14:33:21.000
262,00000065afc7d986473dc6b16687e884d6edb1be3cd85ea156259f8c7da9a6d6,1,1615905210,2021-03-16 14:33:30.000
263,0000003518d30f3fb5777e82cccb15234e664af709c6e3f0dc7ceb0c69b2ca96,6,1615905313,2021-03-16 14:35:13.000
264,0000003c255a3813be0d97601b3bd4834e38f37c4e46f34eefcde3a0a5266201,6,1615905371,2021-03-16 14:36:11.000
265,00000037d4a971eb124b9d42f8934c527f0da500dfd021f96462b84f47a8da10,6,1615905427,2021-03-16 14:37:07.000
266,0000009037096c33c8e04ec07636ca37435fcc7e232bacd085731769b46d25d7,11,1615905517,2021-03-16 14:38:37.000
267,0000003af8b41bade1813fbc3982d1bb150185cb0fbee487dfd37efe6626db9b,1,1615905548,2021-03-16 14:39:08.000
268,000000d083653ab445781afccdca75e1b7454f2e3d07ce1d98fc49795cb90a80,11,1615905627,2021-03-16 14:40:27.000
269,0000006acc5afce8026e98b1bd11a8d1df45eeb4a767c48199b4d41734f8a4aa,6,1615905685,2021-03-16 14:41:25.000
270,00000033c3ebf190915818735edc7c6893ce966682a23336e3d4c02bfed7de8f,1,1615905730,2021-03-16 14:42:10.000
271,000000dcc0104b322a2426138d6b851607797a9226578d3436313e73e2197eda,6,1615905797,2021-03-16 14:43:17.000
272,0000003c5ae0538bc3aff612e30f853f67a614ae69cb8dd2826a669954652bdf,6,1615905861,2021-03-16 14:44:21.000
273,0000005c76ef941cba1eb963257b0afc055ee8ce6e3382faf3dce989f3fef2b8,6,1615905920,2021-03-16 14:45:20.000
274,000000a94913f32e0496fa060889942ef4729a3b30f6d3108cf52024eb2a57b7,6,1615905953,2021-03-16 14:45:53.000
275,000000c93dd8f59981016f210aaa0b3d924392c675f7a3f9f22f2f1b0cf4ec7f,11,1615906073,2021-03-16 14:47:53.000
276,0000008bec0eea27b4a53144da39d41c9fc693dd31b56f817b46cd7382eb2191,1,1615906115,2021-03-16 14:48:35.000
277,00000045fdec4ecb05eb840af185190e85317a31e45736473d51e721281550cf,6,1615906156,2021-03-16 14:49:16.000
278,000000e86fd068d9817e1ee772a3ff1767d836fd68dc6964bb1dea0b48911762,6,1615906236,2021-03-16 14:50:36.000
279,0000002ddb701f8f67deac56ee0ebeca5255fe6562471049264788e9aa869806,6,1615906308,2021-03-16 14:51:48.000
280,000000a4c8c2c9ab14ae305f2cc43ba1182d276f04c9c51a40ba565aea4f0307,6,1615906348,2021-03-16 14:52:28.000
281,000000dbd1b51997f9d0a9c6a575674cdf3c4a50e61e5967f0e68c394121d6ac,6,1615906425,2021-03-16 14:53:45.000
282,000000158132b03074fd6e16b4ca382d2998c2d18eea98bd216530785706bac2,6,1615906478,2021-03-16 14:54:38.000
283,00000004603552c09fb4eecd14a2862d82f124109a0d507abf0162dd8250be93,6,1615906515,2021-03-16 14:55:15.000
284,0000003fa031a222204d25575a92cdbfda2617edd43e9ca5202d7458e76f14e8,6,1615906580,2021-03-16 14:56:20.000
285,000000e3b825ef2e1403ed6dca1ef0bca5044d8ef2aaec8fe3aad706aa0ca0a6,6,1615906647,2021-03-16 14:57:27.000
286,000000f418f9956e2ffd25706575b85907975db97fea7dc490f3a3f33c7fe7d0,6,1615906720,2021-03-16 14:58:40.000
287,0000008bf40d6022b00272cea9b9bed9057a597b9ad92305f1c6d50f97a1c4ed,6,1615906794,2021-03-16 14:59:54.000
288,00000033cfb9fdfe829bda9e1afd9b26f4802ed517897444385d304aba7d45d6,6,1615906828,2021-03-16 15:00:28.000
289,0000009b9f8570a82f499012dd299faecf34f54fdee249ea68d1bf463a998a24,6,1615906886,2021-03-16 15:01:26.000
290,00000066e158fd5bd966ed8ac5483956b1f69fb1bc0072c66f77b6f902b398b7,6,1615906966,2021-03-16 15:02:46.000
291,000000d5b77e59316fd263e6061bb127cb85f7915959af4f67e7ecf361c1684c,6,1615907008,2021-03-16 15:03:28.000
292,00000093b7e95cf66b86897801de6c159789ca7fc777d66ea19c8bcee849887e,6,1615907087,2021-03-16 15:04:47.000
293,000000b0c7eab3302fa6e884104cd6e261caad9bac2a7ed1b3199b5b4c2e2f55,6,1615907139,2021-03-16 15:05:39.000
294,00000023d4e3a69bea5b088707734012ec1b88e233bc70614fa12bdf1dd0a1aa,6,1615907197,2021-03-16 15:06:37.000
295,00000070f181bf27a592062b481eb649154d0f6400e28377a4c1b07f6d7b520a,1,1615907239,2021-03-16 15:07:19.000
296,00000029793e7ec37c634689ce6233200ed281798daf523266e383fafd44bc41,11,1615907359,2021-03-16 15:09:19.000
297,00000044975961c4c5afc696c9d9d5c68ea33cea5eeb5a15b4ba7d2ef41817a1,6,1615907393,2021-03-16 15:09:53.000
298,000000d08ed1cee24bf251bf8be9ba950372235f235dd3359dcf576279b2ec6b,1,1615907408,2021-03-16 15:10:08.000
299,0000003d1cab51d6bd8e5fa6723cd47b1e7287822bbf446b5314df96102ee4c3,11,1615907517,2021-03-16 15:11:57.000
300,000000558c7e49fe47377eed94f2005a6f032d9d7dd96c15ce3c117164769106,1,1615907541,2021-03-16 15:12:21.000
